"","title","hit","url","contentlist"
"1","마스크 쓰면서 좋은점&amp;나쁜점","155","https://www.clien.net/service/board/park/14746865?od=T31&po=0&category=&groupCd=community","마스크써서좋은점1.잘생겨보인다2.턱수염을안밀어도된다마스크써서나쁜점1.얼굴이커서두어시간쓰면두통이밀려온다이상입니다.오징어가잘생겨보여봤자오징어죠"
"2","인생을 바꾼 아이폰.jpg","873","https://www.clien.net/service/board/park/14746864?od=T31&po=0&category=&groupCd=community","..."
"3","아이가 성장속도가 희안하게 빠르네요..","301","https://www.clien.net/service/board/park/14746863?od=T31&po=0&category=&groupCd=community","이제66일차인데(예정일보다4일일찍태어남..)몇일전에는울면서엉엉엉엄마엉엉엉을하더니그저께는아버아버라고말하고(응?)어제밤엔12시간통잠을자고(7:30PM-7:20AM)오늘은와이프가그러는데,되집기를했다네요(뒤집어놓은상태에서똑바로눕도록돌아옴)평범한건지빠른건지잘모르겠네요;;"
"4","라이젠5 vs i5 아이스레이크 노트북 두가지 모델중에 비교 추천부탁드립니다.","28","https://www.clien.net/service/board/kin/14746862?od=T31&po=0&category=&groupCd=community","간단한게임(오버워치나고전게임),업무용(오피스,pdf,한글),유튜브,넷플릭스용도입니다.안정적으로오래쓸만한중저가노트북찾고있는데요두가지모델중에고민입니다.먼저라이젠노트북사양입니다HP14S-DKWIN10상세스펙35.6cm(14인치)/AMD/라이젠5/피카소/3500U2.1GHz(3.7GHz)/쿼드코어/1920x1080(FHD)/광시야각(IPS)/슬림형베젤/DDR4/8GB/M.2(NVMe)/256GB/라데온Vega8/1Gbps유선랜/802.11n/ac무선/블루투스4.2/HDMI/웹캠/USBType-C/USB3.0/SD카드/고속충전/41Wh/윈도우10/두께:19.9mm/1.47kg/일반유통상품/용도:사무/인강용/색상:화이트대락62-3만원정도가격입니다그리고i5아이스레이크노트북사양입니다.HP14s-dq1006tu상세스펙35.56cm(14인치)/인텔/코어i5-10세대/아이스레이크/i5-1035G11.0GHz(3.6GHz)/쿼드코어/1920x1080(FHD)/광시야각(IPS)/슬림형베젤/DDR4/8GB/M.2(NVMe)/256GB/UHDGraphics/802.11n/ac무선/블루투스4.2/HDMI/웹캠/USBType-C/USB3.0/SD카드/윈도우10/두께:19.9mm/1.43kg/일반유통상품/용도:사무/인강용,휴대용/색상:화이트대략69만원정도하네요6-7만원더주고인텔거를살지아니면그냥요새가성비좋다는라이젠5제품을살지고민됩니다.좋은말씀부탁드립니다."
"5","김영호 의원실] 텔레그램 n번방등 여성안전 의정활동 2","454","https://www.clien.net/service/board/park/14746860?od=T31&po=0&category=&groupCd=community","안녕하세요김영호의원실의윤여길보좌관입니다.김영호의원의사이버성폭력근절을위한의정활동소개글입니다.18년11월대표발의:디지털성범죄범죄수익몰수법안19년4월본회의통과https://blog.naver.com/frencisco/221865192764http://likms.assembly.go.kr/bill/billDetail.do?billId=PRC_K1J8M1J1G2K2H1N5Y2V9D2S6C4I2Z52018년11월에사이버도박과불법성폭력동영상등으로범죄수익을낸경우에범죄수익의몰수적용대상인중대범죄에포함시키는법안을대표발의하였습니다.이법안은2019년4월에국회본회의를통과하였습니다.텔레그램n번방용의자로[박사]가검거되었습니다.경찰은철저하게수사하여[박사]를비롯한범죄자들에게엄벌이내려질수있게하는한편불법성폭력영상을통해서얻은모든경제적이익을몰수하길바랍니다.18년8월대표발의:성행위불법촬영은가중처벌http://likms.assembly.go.kr/bill/billDetail.do?billId=PRC_C1B8S0H8X2X8P1V3E5R0Q0M9T5Z5Y5지금성폭력특례법은성관계를몰래불법촬영과지하철에서지나가는여성의다리를찍은불법촬영을똑같은범주로놓고처벌을하고있습니다.남자친구가몰래찍은성행위동영상으로인해스스로목숨을끊는여성까지나오고있지만우리나라법원은이런저런이유로정상참작을하여집행유예를주는경우가빈번하게발생하고있습니다.이에성관계를몰래찍는등의죄질이더나쁜불법촬영은5년이하의징역이아니라최소한2년이상의징역을줘야한다로바꾸어서더이상법원이이런저런상황을정상참작하여집행유예를주지못하게하고불법촬영에대한경각심을높이자는내용입니다.--------------------------------------------------------아래법안도차례대로올리겠습니다.18년9월대표발의:거주공간등사적공간에있는사람을몰래촬영하면처벌http://likms.assembly.go.kr/bill/billDetail.do?billId=PRC_G1S8C0I9G0N5I1Q3V4V2O4C2W0S2S418년11월대표발의:불법촬영물임을알고도재배포할경우처벌http://likms.assembly.go.kr/bill/billDetail.do?billId=PRC_J1E8E1A1Y1Z4G1W7P4K7Q3R2J1F6X719년4월대표발의:마약류를이용한강간가중처벌http://likms.assembly.go.kr/bill/billDetail.do?billId=PRC_V1H9F0M4Q0F1D1B5M5G4P0E5T9L9E519년5월대표발의:불법촬영물을이용해촬영대상자를협박하면처벌http://likms.assembly.go.kr/bill/billDetail.do?billId=PRC_T1W9O0D5U0C7W1V5B1D9E0E1K1F3R8CNN폴라핸콕스(PaulaHancocks)지국장과의인터뷰-불법촬영영상에관하여https://blog.naver.com/frencisco/221360000183https://blog.naver.com/frencisco/221353095428"
"6","4.15 압승해야죠.","507","https://www.clien.net/service/board/park/14746859?od=T31&po=0&category=&groupCd=community","4.15총선은한일전,토착왜구박멸"
"7","집앞 할리스에 어르신들이 드글드글.","498","https://www.clien.net/service/board/park/14746858?od=T31&po=0&category=&groupCd=community","반차내고잠시만날분이있어할리스로약속을잡았는데요.매우외진곳이라사람이없겠지했는데왠걸요.마스크도안쓰신어르신들이드글드글하시네요.이동네가좀청정이긴한데그래도깜놀해서바로나왔습니다.두렵지않으신가들봅니다.에고."
"8","불매를 누가 시켜서 하나요 ?","170","https://www.clien.net/service/board/park/14746857?od=T31&po=0&category=&groupCd=community","거참불편러분들많으신거같습니다.진빠집니다.그냥하고싶은만큼불매하면됩니다.그마음이모여10%,20%,30%될때마다그대상은똥줄빠집니다.잘하고있는건칭찬하고보듬어주고격려하면됩니다.못하고있는건그냥쌩까세요.굳이아군끼리총질해서아베얼굴에혈색넣어주진말자고요.적당히냅두면조용해지겠지했다가...계속달궈지니...저도못참고한번거들어봅니다."
"9","캐나다 2020 도교 올림픽 불참선언","723","https://www.clien.net/service/board/park/14746855?od=T31&po=0&category=&groupCd=community","뭐관심없겠지만그래도참고자료로올려둡니다https://headlines.yahoo.co.jp/article?a=20200323-00108791-theanswer-spo"
"10","PD수첩 제보 받습니다.jpg","1317","https://www.clien.net/service/board/park/14746853?od=T31&po=0&category=&groupCd=community","전원잡아다구속해야..."
"11","음.. N번방까지 조국을 끌어다쓰네요..","743","https://www.clien.net/service/board/park/14746852?od=T31&po=0&category=&groupCd=community","진짜X새끼들....N번방까지조국을끌어다쓰는기래기들...아혈압올라...진짜징계만아니면쌍욕을하고싶은데....쩝..대체조국전장관님이무슨큰잘못을했는지...정작큰잘못한놈들은무혐의무죄그딴걸로넘어가는데..진짜..아오!!!!!!!!서울신문기사제목이요따구입니다.성폭력범N번방가해자공개조국때문에어렵다?…내일공개여부결정윤창수기자라네요..링크는대충https://news.naver.com/main/read.nhn?mode=LSD&amp;mid=shm&amp;sid1=102&amp;oid=081&amp;aid=0003076043인데가지마세요..."
"12","[영상] BTS (방탄소년단) 코로나19 국민 응원 메시지 발표","443","https://www.clien.net/service/board/park/14746851?od=T31&po=0&category=&groupCd=community","얼마만에한데모인걸보는지...ㄳㄳ"
"13","선거 전 특집기사 제목 예상","144","https://www.clien.net/service/board/park/14746850?od=T31&po=0&category=&groupCd=community","빚까지땡겨주식사는2030,정부는뭐했나?500원만겁니다...."
"14","쓰면서 몰랐는데 부경권의 '마!' 는 엄청난 함축 언어인거 같아요ㄷㄷㄷ","415","https://www.clien.net/service/board/park/14746849?od=T31&po=0&category=&groupCd=community","엄청자주쓰는데ㄷㄷㄷ여기다못쓰고국문학과대학원입학해서석사논문써야할정도로복잡한거같네유ㄷㄷㄷ그뜻이'거시기'에비슷할정도로어마어마ㅎㄷㅎㄷㅎㄷ"
"15","인디고 펀딩 웃기는 짬뽕이군요","398","https://www.clien.net/service/board/park/14746847?od=T31&po=0&category=&groupCd=community","작년4월에펀딩해서9월에받을수있다고날짜까지받았는데아직도보내주지않네요.열심히만들고있으니좀만더기다려달라고메일은보내주던데.믿을수있는지모르겠군요."
"16","4년 전 민주당 떠났던 김관영 '당선되면 민주당 복당'","1109","https://www.clien.net/service/board/park/14746845?od=T31&po=0&category=&groupCd=community","4년전더불어민주당을떠났던김관영무소속의원이이번선거에서반드시승리해민주당에복당하겠다는입장을밝혔다.민주당을떠났던김의원은국민의당과바른미래당에서활동을이어왔다.4·15총선에서전북군산지역구에출마하는김의원은23일전북도의회를찾아기자들을만난자리에서선거가끝나면복당이가시화될것이라며이같이말했다.------------------------------------------------------------------------------------------------------------------------------누가표준데요?누가복당시켜준데요?한경이라링크클릭하실필요없습니다."
"17","열린민주당 후보 소개영상 보고있습니다.","163","https://www.clien.net/service/board/park/14746844?od=T31&po=0&category=&groupCd=community","이미마음이굳어져있어서투표는모두다했지만,이거정말그야말로'국민면접'이네요.공개되면국민들이다본다는압박면접이면서,인생사를모두털어놓고치부가될만한것들도사전에공개하는자진납세의의미도갖고있는...예를들면,주진형후보같은경우에는아들은미국국적을선택했고,딸은박선숙의원인턴으로일하고있는것에대해서도선납세했고.이견은있을수있겠으나미리사유를밝힌것은별문제가되지않아보입니다.이또한국민면접의순기능이라고할수있겠네요.주진형후보보고김성회(김작자님)후보보고있습니다.김성회님같은경우에는좀더편한느낌의확장버전이김용민TV에올라와있긴하지만,이분의정치역정을압축요약해서들을수있어서좋습니다.많이보셨겠지만,그냥정치토크쇼라고생각해도상당히재밌는포맷의토크라,안보신분들이라면시간이가능할때모두한번씩들어보시는것을권합니다."
"18","코로나 치료제는 언제쯤 나올려나요?","120","https://www.clien.net/service/board/park/14746843?od=T31&po=0&category=&groupCd=community","길리어드에서임상3단계하는것도효과가제대로있었으면언론들에서호들갑많이떨었을거같은데조용한거보면ㅠㅠㅠㅠ치료제만나와도어느정도일상으로돌아갈수있을텐데말이죠ㅠㅠㅠㅠㅠㅠ"
"19","VP9에서 H.264로 인코딩 한번해봤습니당","347","https://www.clien.net/service/board/park/14746842?od=T31&po=0&category=&groupCd=community","유튜브VP9영상이많아져서서피스프로3로는재생안되는영상이많더라구요ㅠㅠ혹시나하는마음에H.264로인코딩을해보니하드웨어가속이지원되네요ㅋㅋㅋ웹서핑용으로는큰문제가없는데영상재생이안되니아쉽네용"
"20","한진칼 미쳤네요.","1652","https://www.clien.net/service/board/park/14746841?od=T31&po=0&category=&groupCd=community","ㅋㅋㅋ주가20프로오름...와...프록시파이터가이렇게무서운겁니다."
"21","회사 경리가 자꾸 남양 제품을 사와서 짜증이....--+","1399","https://www.clien.net/service/board/park/14746840?od=T31&po=0&category=&groupCd=community","왜유독남양제품만계속사오는지당최모르겠습니다.다른것좀사오라고그래도이게맛있어요.이지랄하면서고집참징글징글하네요.공금이니내맘대로사올수도없고.에잇.짜증나."
"22","박사방 이친구들 피해자 여성들 돈도 뺐은 모양이네요","565","https://www.clien.net/service/board/park/14746839?od=T31&po=0&category=&groupCd=community","허참기가막혀서말이안나오네요돈을줬어도물론큰범죄지만협박해서몸도뺏고돈도뺏고진짜악마가따로없네요"
"23","커뮤니티 특성상 ... 일본제품 글이 안올라오기 힘들죠....","268","https://www.clien.net/service/board/park/14746838?od=T31&po=0&category=&groupCd=community","어쩔수없는부분도있다고봐요....일본제품글이마음에안들면그냥지나치면될일이라고봐요....글하나하나불편하면솔직히커뮤니티끊는게맞다고생각되구요....불매하자는거지금지하는품목이아니기도하고...유니클로만안사는사람이있을수도있고...일본게임만안하는사람도있고...이런사람저런사람있는거라봐요....하나하나따지면솔직히답없는문제이기도합니다...."
"24","일본 전문가들 코로나19 회의 내용 요약 보는데 감염자 적은 이유중 하나로","598","https://www.clien.net/service/board/park/14746837?od=T31&po=0&category=&groupCd=community","감염자가현재적다는전제로추정하는데이유중하나가..이차원히키코모리들이많아서그럴수있다는(가장많은활동량을가진20~30대)웃픈추축이있네요......."
"25","청약통장 연말정산 질문있습니다.","48","https://www.clien.net/service/board/kin/14746836?od=T31&po=0&category=&groupCd=community","청약통장을처음가입하게되서연말정산질문드립니다.240만원저축액까지40%(최대96만원)까지공제가능하다고알고있는데..1.12월에가입해서240만원넣어도가능한건지?가입한월에따라월할되는건지(4월에가입하면9개월인정으로240/12×9)월별로납입한금액에20만원까지인정받는건지...만약5월에가입해서240만원한번에넣으면얼마인정받는건가요?2.무주택인사람이혜택을받는걸로알고있는데연중에주택을소유했다가없어진경우는어떻게되나요?1~2월주택미소유3~9월주택소유,10~12월에주택미소유이런식이면...얼마나인정되는지궁금합니다."
"26","코로나19(COVID-19) 참고 사이트","351","https://www.clien.net/service/board/park/14746835?od=T31&po=0&category=&groupCd=community","아래사이트에가면코로나19관련다양한분석과그래프를확인하실수있습니다.업데이트가하루정도늦다는단점이있지만그부분은아래다른사이트를참고하시면될듯합니다.코로나19가빨리해결되었으면하는바램이네요.모두들자신과가족,주변인들의건강챙기시기바랍니다.OurWorldinDatahttps://ourworldindata.org/coronavirusWorldometerhttps://www.worldometers.info/coronavirus/#countries"
"27","좀... 하지말라면 하지말라고......","1305","https://www.clien.net/service/board/park/14746834?od=T31&po=0&category=&groupCd=community","대환장경주-&gt;김해-&gt;함안-&gt;구례바쁘시네,..."
"28","번인 제거 방법??","65","https://www.clien.net/service/board/kin/14746833?od=T31&po=0&category=&groupCd=community","노트8쓰는데번인이심하네요...혹시......액정불량확인어플중흰색만나오는화면몇일켜놓으면전소자가타버려서번인개선이좀될까요??"
"29","고속도로 근황.jpg","2097","https://www.clien.net/service/board/park/14746831?od=T31&po=0&category=&groupCd=community","ㄷㄷㄷㄷㄷㄷ이제오토바이그냥다니나요....?"
"30","암벽여신 김자인선수가 오영환후보 아내군요","1812","https://www.clien.net/service/board/park/14746826?od=T31&po=0&category=&groupCd=community","저두분이부부인거첨알았어요.사진은,친박신당사람들에게남편명함돌리는김자인선수의패기"
"31","잘 생기면 좋은점.txt","997","https://www.clien.net/service/board/park/14746824?od=T31&po=1&category=&groupCd=community","식당이나음식점에서서비스를많이줍니다좀전에점심먹을때도낙지먹는데계란찜서비스로받았네요하아...한번씩곤란합니다진짜"
"32","저같으면 삼성전자에 과감히 배팅해봅니다.","1658","https://www.clien.net/service/board/park/14746823?od=T31&po=1&category=&groupCd=community","매수가2만원에전재산2만원을걸어봅니다.1치킨이2치킨이될지반마리가될지는모르겠지만말이죠.ㄷㄷㄷ물론언제나그렇듯20,100원에서반등하겠지만말이죠.ㅋㅋㅋ"
"33","저렴한 기계식 키보드 주문했어요.","686","https://www.clien.net/service/board/park/14746822?od=T31&po=1&category=&groupCd=community","다들믿거앱이라고말하시는앱코의제품을주문했습니다.기존에같은회사의K650청축을집에서매우잘사용하고있어서이번에는회사에서사용할텐키리스타입인K315를주문해봤습니다.제가앱코기계식을사용하는이유는다른기계식키보드도그기능이있는지모르겠는데일반키보드모드가있어서KVM에서제대로동작해서그렇습니다.집에서도회사에서도CS533이라는USB유선+블루투스KVM을사용하는데,이게기계식키보드는인식을못해요.그런데앱코것은일명6키모드인가?그것으로바꾸면정상동작합니다.이번에도보니나온지좀된K640T는펌업을해야하고키보드에해당기능마킹이없는데K315는해당기능도처음부터있고,키보드에마킹도되어있어서저걸로주문했어요.다만이건회사에서사용할거라청축은사용못하고,적축으로주문했습니다.얼른손에무리가는뻑뻑한회사키보드에서벗어나고싶네요.ㅎㅎㅎ"
"34","예배 중단을 돈 때문에 못 한다는 건 일반교인들에게도 마찬가지입니다.","495","https://www.clien.net/service/board/park/14746820?od=T31&po=1&category=&groupCd=community","한국교회는원산지(?)인유럽에비해유독기복신앙이강합니다.어느종교든한국에오면거의기복신앙과강하게결합이되는양상을보여왔습니다.(그래야인기를끌거든요불교도기복신앙장난아니죠.유교도제사안지내ㄴ면후손이뭐된다???)특히한국개신교에서기복신앙으로신도를정말많이끌어모았죠.교회다니면사업잘되고복받고자식대학잘가고....교회에서수능잘치라고특별기도회한다는건아시죠?(불교도이건마찬가지~)보통돈때문에예배중단못한다고하면목사들이헌금수입포기못해서그런줄로만생각하시지만,크게보면일반교인들중에서도예배안드리면신앙생활을태만히했으니복못받는게걱정이되어예배중단을반기지않는사람들이있을겁니다.요는신자들부터가기복신앙의한방편으로교회에다니는케이스가상당하다는것이죠.기복신앙자체가행위구원처럼,행위기복(?)적인요소가강하니예배거르기는이런신자들입장에서도꺼려지는일이겠죠.헌금수입줄어들어자기입금삭감되는게두려운목사들이야당연히있는것이구요....아무튼보통복받는다=돈많이번다라는등식이성립하니돈때문에예배못빠지겠다는말이크게틀린말은아닌것이죠.이게다기복신앙팔이해서신도들끌어모은한국개신교의업보이고이런비판을받게되는것도자업자득인것이죠.지적을받으면반성하고고치려는자세를보이는게맞습니다."
"35","동작을 이수진 후보 후원계좌 열렸네요.","760","https://www.clien.net/service/board/park/14746818?od=T31&po=1&category=&groupCd=community","[이수진동작원팀캠프]드디어열렸습니다!동작을바꾸는후원,3월23일시작합니다!*후원계좌안내신한은행100-034-256782(예금주명:동작구을선거구국회의원예비후보이수진후원회)*10만원이하는전액세액공제,초과분은소득공제받으실수있습니다.*1인당연간최대500만원까지후원이가능합니다.*법인,단체,공무원,교원,외국인은후원이불가능합니다.*영수증발급안내및문의☎<U+FE0F>전화010-5280-5850/010-5233-2364<U+0001F4E7>E-mail:rkftkraos@gmail.com===============================================이수진후보후원계좌기다리시는분들,참고하세요~"
"36","JTBC에 나온 N번방 박사 말투.jpg","3405","https://www.clien.net/service/board/park/14746814?od=T31&po=1&category=&groupCd=community","베충이같은데싸이언스네요."
"37","미국에 있는 대한미국인 근황","3107","https://www.clien.net/service/board/park/14746813?od=T31&po=1&category=&groupCd=community","노란머리한국인"
"38","오늘 발매된 신작 Steam게임.JPG","1812","https://www.clien.net/service/board/park/14746812?od=T31&po=1&category=&groupCd=community","GIF하프라이프:알릭스(밸브)20년3월23일발매하프라이프1과2사이에벌어지는이야기를그린VR전용게임권장사양↓그래픽카드NVIDIAGeForceGTX1060AMDRadeonRX5806GBVRAMVR게임이땡기긴처음이네요...그나저나3이라는숫자는어디갔니...밸브야....ㅠㅜ"
"39","쫄보는 내려도 못사고 올라도 못삽니다. ㅠ_ㅠ","764","https://www.clien.net/service/board/park/14746810?od=T31&po=1&category=&groupCd=community","걱정을달고사는저같은놈은돈을대량으로넣으면하루죙일주식만보고있을게뻔합니다.ㄱ-ㅠ_ㅠ저같은놈은그냥저축이답입니다."
"40","사재기는 공포감이 극에 달하면 일어나죠","850","https://www.clien.net/service/board/park/14746807?od=T31&po=1&category=&groupCd=community","외국인이떠나가도우리개미형님들은사재기하시네요.개미가아니라나방형님들이신가...야수의심장을가진...쫄지도않고꾸준하시네요."
"41","삼전올인을 보니 '비트코인은 청년의 꿈'이라고 부르짖던 그때가 생각나네요","1288","https://www.clien.net/service/board/park/14746806?od=T31&po=1&category=&groupCd=community","진짜꿈하고일확천금의망상은구별되야할건데요..꿈을그런데다갖다붙이는인생이좀안타깝죠..."
"42","(드림 완료) 킨들 3세대(?) 드립니다","565","https://www.clien.net/service/board/park/14746805?od=T31&po=1&category=&groupCd=community","오래전모델이라3세대인지4세대인지정확한기억이안나네요라이트없는논터치버튼식입니다버튼딸각거리는손맛이좋습니다(...만키보드쓰려면엄청난인내심이필요합니다.영문만됩니다)한글책은아마존에서구입한거외에는자신이만들어서넣어야합니다.꽤번거로와요전한번해보고접었습니다.pdf나만화는불가능하다고보시면됩니다.댓글주시고문자부탁드려요편의점착불로보내드립니다."
"43","아이패드로 인터넷 강의 듣고 있는데","337","https://www.clien.net/service/board/park/14746804?od=T31&po=1&category=&groupCd=community","교수님목소리에자꾸시리가반응하네요ㅠㅠ제목소리가여자같은건지교수님목소리가남자같은건지..."
"44","구미시 사회복지시설 코호트 격리, 단 1명의 확진자 없이 종료","1127","https://www.clien.net/service/board/park/14746803?od=T31&po=1&category=&groupCd=community","[글로벌경제신문(구미)이석희기자]구미시(시장장세용)에서는지난9일부터22일까지2주간관내사회복지시설52개소에대한예방적코호트격리를단행하며코로나19확산방지에총력을기울여왔다.2주간2400여명의시설입소자와종사자의협조를바탕으로,공무원과경찰인력1550여명을투입하여24시간빈틈없는관리체계를통해지금까지단한명의확진자없이격리기간을마무리했다.TK살았거나사는사람들은알겠지만...........구미랑대구는바로옆이고구미에서대구로왔다갔다하는사람들도많은데.......대구바로옆에있는구미는엄청선방하고있네요ㄷㄷㄷㄷㄷㄷㄷㄷㄷㄷ대구시는대체일을어떻게하는건지ㄷㄷㄷㄷㄷㄷㄷㄷㄷㄷㄷㄷㄷㄷ"
"45","(후방) 여친 몸매 마지노선.jpg","4840","https://www.clien.net/service/board/park/14746800?od=T31&po=1&category=&groupCd=community","https://www.instagram.com/annie.s_official/?hl=ko모델유하"
"46","외국인 여친, 한국어 교육학과 대학원 수업 1일차인데요 ㄷㄷㄷㄷㄷㄷ","1707","https://www.clien.net/service/board/park/14746799?od=T31&po=1&category=&groupCd=community","온라인으로수업합니다제가쓰는말보고한국어틀렸다고계속머라카네유ㄷㄷㄷ대학교때빼곤부산토박이라제가구어로말하는건한국어표준어랑많이다른데ㄷㄷㄷ"
"47","고양이 때문에 현타 오게 생겼습니다.","1326","https://www.clien.net/service/board/park/14746798?od=T31&po=1&category=&groupCd=community","2018년6월말아파트화단에서3일째울고있길래어미가버린걸로판단하고데리고왔습니다.처음데리고온날인가둘째날인가사진입니다.피부병이심해서다치료하는데꽤애먹었습니다.이때가생후2개월정도라고수의사가말한것이생각나네요.하도못먹어서체중이꽤작았습니다.이때사진은구출후18일경과후사진입니다.데리고온첫날은케이스안에만있었는데하루밤지나니까적응완료해서온집안을제집마냥들나들고강아지랑첫째고양이한테도시비걸고그런때였습니다.대자로자고있는거찍었습니다.어제찍은사진입니다.성묘가다됐죠.발코니빨래건조대에올라가서햇빛을쬐고있습니다.애가문여는방법을알고나서는온방에문을다열고다닙니다.불과생후7-8개월때부터문열고다닙니다.첫째고양이는문여는방법을모릅니다.그냥문열어달라고야옹만하는데...둘째는점프뛰어서문고리에매달려서문을열죠.문제는새벽에이러고다닙니다.그리고요즘에는화징실세면대에올라가서수전도누르면서물마십니다.-..-이게미칠노릇이네요."
"48","2021년 삼성전자 주총 모습.jpg","3090","https://www.clien.net/service/board/park/14746797?od=T31&po=1&category=&groupCd=community","60초후에다시뵙겠습니다."
"49","'대체제가 없어요'라는 얘기는 어디서 제일 먼저 나온건가요?","681","https://www.clien.net/service/board/park/14746796?od=T31&po=1&category=&groupCd=community","기본적으로중국이던일본이던조용히쓰고조용히피하고하는게맞다고생각하고있습니다성인군자라일본삼성남양양심에손을얹어보면별수없어서,이게나아서사서쓰는것도한두가지있었겠지만성격상후기를어디다쓰고홍보를하고부추기고그런건안맞아서써도조용히쓰고안써도조용히놔두고왔습니다마는'내가하는이건대체제가없어서별수없어'라는소리는어디서제일먼저나온건가요?맥락으로보면조용히보고조용히치우는게아니라이번'그숲'처럼게시판에글이막올라오다가'야너불매안하냐'욕먹은다음에'아니들이쓰는그런건대체제가있어서불매를해야하지만내껀갬성적으로나성능적으로나대체제가없어서별수없어'하는것같은데대체제가없어서별수없으면,비단'그숲'이아니라삼성,남양,조중동,일본전부다통틀어서불편을감수하면서라도안쓰던지,쓰더라도조용히써야돼는거아닌가싶네요..일본놈들처럼선제적으로특정국가는일부러안쓰는게아니라선빵한대진하게맞고시작한불매운동인지라뜻이있어서함께하면이정도불편함은감수를해야맞는게아닌가하는생각이계속맴도네요"
"50","녹색당에서도 밀린 신지예 무소속 선언","2115","https://www.clien.net/service/board/park/14746795?od=T31&po=1&category=&groupCd=community","기득권이된엘리트남성정치인들이배지를나눠가지려는선거연합파동은한국정치의한계를보여준다고했다.녹색당파토났는데출마강행할까요?신지예가당직원들에게갑질논란으로몰리자자리내놓고물러나고비례후보에도못오르고사실상퇴출수순인데이때다하고무소속출마선언!도대체어디에서출마할건지궁금합니다선거비탕진가자~~"
"51","(약후)줄무늬 팬티짤.GIF","3258","https://www.clien.net/service/board/park/14746794?od=T31&po=1&category=&groupCd=community","GIF사,살려주세요...ㄷㄷㄷㄷ(후다닥)"
"52","정봉주전의원 이중당적 문제는 허위기사네요","1613","https://www.clien.net/service/board/park/14746792?od=T31&po=1&category=&groupCd=community","정봉주전의원이민주당에탈당계를제출하지않아서이중당적자가되어민주당에서긴급징계조치를한다는기사를어느분이여기에펌하여올리셨는데...Bjtv에서본인이직접밝히기를3/7일오후6시경팩스로접수했고오늘탈당처리됐다는문자를받았다고합니다.왜보름동안탈당처리하지않고붙들고있었는지는알수없다고하네요"
"53","중앙일보의 기사","1043","https://www.clien.net/service/board/park/14746791?od=T31&po=1&category=&groupCd=community","오늘기사네요ㅋ"
"54","비판은 할 수 있습니다.","707","https://www.clien.net/service/board/park/14746790?od=T31&po=1&category=&groupCd=community","근데말이죠.비판도어느정도수위를지켜가면서해야합니다.비판이정도를넘어서면비난이됩니다.요며칠그게임때문에모공이난리가난것도알고있고,게임하시는분들당에가서어그로끌고오신분글도다봤습니다.불매하는거좋습니다.안한다고쳐죽일놈이고그런거아닙니다.물론지금시국에선자랑하는글을자제하는것도맞죠.그런데,가장위험한부류는도를넘어서서자극적으로비난글을쓰고폄하하고매도하는행위입니다.아군을한명이라도더끌어와야할시기에오히려내부에서적을만드는건잘못된행위입니다.유시민씨가그랬잖아요.동참하지않음을자랑하는건비판할수있지,동참하지않는다고비난해서는안된다고말이죠.불매운동이좋은일이고,적절한비판은괜찮지만비난은하지맙시다.우리스스로악마가되지맙시다."
"55","무선 마우스나 키보드 충전식은 불편하네요","541","https://www.clien.net/service/board/park/14746789?od=T31&po=1&category=&groupCd=community","배터리방식은배터리만갈아끼우면되는데충전식쓰려니영불편하네요아니사실한번충전해두면꽤오래가니까그리불편하지않을꺼라고생각은하지만,자꾸배터리다됐을경우가걱정되서맘놓고쓰질못하겠어요ㅋㅋ결국장터로다내보내고배터리식무선키보드마우스기웃거리고있습니다..."
"56","봄은 오고있네요.","322","https://www.clien.net/service/board/park/14746788?od=T31&po=1&category=&groupCd=community","계속2월중순인듯한기분으로사는요즘입니다만,점심때광합성하러동네산책해보니,어느새봄은훌쩍찾아오고있네요.사람들도다들100%마스크끼고산책을하고있고,따스한햇빛과살랑살랑봄바람이얼굴이닿으니기분이참좋습니다."
"57","이제 슬슬 논란이 마무리 되가는 거같아서 써보는 글입니다","964","https://www.clien.net/service/board/park/14746787?od=T31&po=1&category=&groupCd=community","가끔씩(이번뿐만이아니라)본인의주장을무조건옳다라고말씀하실려고세월호관련된내용으로주장들고오시는분들이있으신데그러지마세요사람을억울하고안타깝게잃어버린사고인데본인의주장을내가옳아!라고할려고그사고를가져와서비유하지마세요안타까운일입니다."
"58","출장중 벚꽃 현황.jpg","2371","https://www.clien.net/service/board/park/14746785?od=T31&po=1&category=&groupCd=community","다른나무들은아직기약이없는데유독한그루가유행을선도하더군요.남들보다빠르게온몸으로생식을원하고있는힙스터새퀴벌들이많아서2초만에벗어났습니다."
"59","반일종족주의 작가가 말하는 n번방.jpg","1845","https://www.clien.net/service/board/park/14746783?od=T31&po=1&category=&groupCd=community","왜이런애들은하나만하는경우가없을까요?"
"60","삼성전자에 2030 개미들이 새까맣게 몰리는 이유","3379","https://www.clien.net/service/board/park/14746782?od=T31&po=1&category=&groupCd=community","http://naver.me/F3etkkKa‘젊은개미투자자’들은이를인생역전의기회로여기는분위기다.온갖자금을이른바‘영끌(영혼을끌어모은다의줄임말)’해주식투자에뛰어드는모습......ㄷㄷㄷㄷㄷ"
"61","대구시, 코로나로 축제예산 2000억 회수 결정 '형평성 논란'","2016","https://www.clien.net/service/board/park/14746781?od=T31&po=2&category=&groupCd=community","시관계자는코로나19로인해오는7월예정인치맥페스티벌개최여부도불확실하다며치맥페스티벌은문체국소속이아닌경제국농수산유통과이기때문에축제관련예산삭감및회수축제에해당이되지않는다고말했다.이에대해타축제관계자들은치맥페스티벌예산삭감대상제외에대해형평성은물론이고,상대적박탈감을준다며부정적인입장이다.한축제관계자는코로나19로대구가힘들어각종행사의예산회수또는삭감은충분히이해를한다며하지만치맥페스티벌예산만삭감대상에서제외한것은이해가않된다.이는치맥페스티벌만편애하는처사다라고비판했다.한편시는하반기에포스트코로나19대구관광회복프로젝트를추진중이다.시관계자는올하반기에코로나19가안정세로접어든다면관광수요가다시커질것이란기대감을가지고있다며아시아지역도시의유명인플루언서를대구에초청하는등관광마케팅을강화하고상반기에취소됐던한류콘서트등을열어관광붐을다시일으킬계획이다고밝혔다.아...........일을그렇게하면서안정세에접어들거라믿고계시군요............."
"62","피라미드 컴퓨터 케이스","1527","https://www.clien.net/service/board/park/14746780?od=T31&po=2&category=&groupCd=community","신기하긴한데...얼마인지는모르지만ㅋ안살래요전폭이넗은RGB없는검정미들급이면오케이~"
"63","예수님은 우리들 마음속에 계신것 아니었나요?","331","https://www.clien.net/service/board/park/14746779?od=T31&po=2&category=&groupCd=community","방금잘계신것확인했습니다.제마음속에서부처님과공자님,알라와사회적격리를서로유지하고계셨습니다."
"64","[만평] 박건웅 화백 : 어게인 2015","1358","https://www.clien.net/service/board/park/14746777?od=T31&po=2&category=&groupCd=community","크으으으으"
"65","cu 갈릭 큐브 스테이크 이물질 검출로 전체 리콜","655","https://www.clien.net/service/board/park/14746775?od=T31&po=2&category=&groupCd=community","토요일예약구매걸어둔걸모른다고만하더니오늘에서야알려주네요.최근판매상품에이물질이섞였다고합니다"
"66","윈10은 지금도 업킷은 무료입니다.","1612","https://www.clien.net/service/board/park/14746774?od=T31&po=2&category=&groupCd=community","아직모르시는분들많고끝났다고생각하신분들도많은거같은데윈도우xp이상홈버전으로정품하나라도설치한pc에서윈10업그레이드home버전업그레이드하시면지금도무료정식라이센스발급해줍니다.-0-전집에pc다업글해버림가족별계정만들고...."
"67","중고거래 시, 되팔이 문제","110","https://www.clien.net/service/board/kin/14746773?od=T31&po=2&category=&groupCd=community","모인터넷사이트에서아이패드악세사리를x만원에파는걸중고거래사이트에+a만원붙여서파는걸겪은적이있습니다첨엔게시물에그런말이없었기때문에이사람이본인이갖고있는걸파는건줄알았는데알고보니어느중고거래업체에서파는거더군요업체에서x만원에파는걸a만원만큼덧붙여서파는걸업체로부터확인하였습니다판매시다른곳에서파는걸파는거라고고지하지않았다면문제가되나요?아직판매자에겐이말을안했는데같은행태를중고거래사이트에서또보게되어서요..."
"68","꽃놀이 다녀온 60대 4명 코로나19 감염.gisa","2962","https://www.clien.net/service/board/park/14746771?od=T31&po=2&category=&groupCd=community","https://imagehost.imageupload.net/2020/03/23/dasetfset.jpgclass=fr-ficfr-dii>https://news.v.daum.net/v/20200323115654636https://imagehost.imageupload.net/2020/03/23/m_1553520084_4627_7A7512F9_2676_4E7E_8F8D_D9A89FB29894.jpgclass=fr-ficfr-dii>정부에서돌아다니지말라면좀집에계세요...."
"69","생각외로 지하철 티켓 없어진게 몇년 안됐나 봅니다","1075","https://www.clien.net/service/board/park/14746768?od=T31&po=2&category=&groupCd=community","2008년부산놀러갔다구매한원데이패스네요ㅋㅋㅋ그냥기념품으로가져온듯한데..이제는볼수없는물건이네용서랍정리하다나온유물입니다ㅎㅎㅎ"
"70","에어팟 프로 왔습니다 (feat. 스카이 무선충전기)","909","https://www.clien.net/service/board/park/14746767?od=T31&po=2&category=&groupCd=community","역시쿠팡은배송이빠릅니다2월생산품이었고,품질은다소애플답지못하게...유격이살짝있는데크게거슬리지않아다행입니다한2시간정도써보고있는데괜찮네요첫노캔경험인데생각보단극적이지않아아쉬웠지만...노이즈캔슬링을킨상태로노래를틀면외부소음은거의안들리다시피해서윗집의층간소음에서벗어날수있을것같습니다이제애플스토어에서주문한인케이스케이스가오길기다려야겠네요(5월말도착예정은너무한것같지만...2월에주문하신분중엔이틀만에받으셨단분도계셔서...행복회로를돌려봅니다)"
"71","봉도사 극딜하네요","4141","https://www.clien.net/service/board/park/14746766?od=T31&po=2&category=&groupCd=community","과거에깔대기대던건본모습이아니라설정이다!ㅋㅋㅋㅋㅋ"
"72","아직 덜맞아서 정신 못차린 애들","2059","https://www.clien.net/service/board/park/14746764?od=T31&po=2&category=&groupCd=community","저런애들은대화로는교화가불가능하고수갑차고콩밥이내앞에놓여져야그때가서눈물콧물질질짜겠죠.참고로저거운영자갓갓이라는놈도이미신원특정완료됐고현재경북경찰청이행방추적중이라고합니다."
"73","한국 마트에 물건이 넘쳐나는 것은","2637","https://www.clien.net/service/board/park/14746762?od=T31&po=2&category=&groupCd=community","우리가제조업국가이기때문일까요?이런게제조업국가의위엄이아닌가싶기도하게생각이됩니다.200여개되는전세계국가중에서제조업국가들은얼마없지않나요.다대부분다른주력산업이있고물건들은어디서수입해오는부분이많고.우린제조업국가로왠갖물건들을만들수있고필요에따라생산량을늘릴여력도있다보니공급이부족할일은없고따라서좀많이사가도공급부족의모습이보이질않아서사재기가일어나질않고...요즘어찌보면자랑스럽기도하고웃기기도한게마트밖에나와서세일하는화장지들입니다.다른나라사람들이이걸보면어찌생각할까싶기도하고.."
"74","이번 사태로 인해, 역이민 증가 하겟네요","1157","https://www.clien.net/service/board/park/14746760?od=T31&po=2&category=&groupCd=community","기존한국인이민자의역이민뿐아니라,외국인들의이민도증가하지않을까예상해봅니다.특히외국에서애들다키운분들의역이민이증가하지않을까싶습니다."
"75","왜 순대국을 먹은 다음 날은 살이 빠질까요","1270","https://www.clien.net/service/board/park/14746759?od=T31&po=2&category=&groupCd=community","몸무게유지를위해항시다이어트를하고있으나뭔가쳐먹쳐먹하고싶은날도있는것인데..그런날에치킨을먹으면다음날에0.3kg정도는올라가는반면순대국은끽해야본전(?)아니면-0.2kg로내려가는기적을보여줍니다.-_--_-순대국에최적화된몸인가?"
"76","경기도 교육청 소속 학생도 윈도우 주는거 같습니다.","1310","https://www.clien.net/service/board/park/14746758?od=T31&po=2&category=&groupCd=community","경기도교육청onthehub페이지생긴거같습니다..경기도교육청소속초중고등학교자녀있으신분들은한번발급시도해보세요.참고로업그레이드용키입니다.https://goe.onthehub.com/WebStore/OfferingDetails.aspx?o=bd1f89f0-bc5c-ea11-8129-000d3af41938"
"77","저의 텔레그램 사용처..","1642","https://www.clien.net/service/board/park/14746757?od=T31&po=2&category=&groupCd=community","(sagit=샤오미미6코드네임,whyred=샤오미홍미노트5코드네임)최근3년간샤오미폰만3대를사용했는데샤오미커펌개발자들이대부분중국러시아독일사람들이라그런지,텔레그램을통한개발자료공유가활발히이루어지더라구요..(XDA나4PDA보다최신자료가올라옴)최근들어텔레그램인식이망이되어서마음아픕니다"
"78","주식 오늘 하루에 35% 낙폭 차이 진짜 개인은 하지 마세요.","3655","https://www.clien.net/service/board/park/14746755?od=T31&po=2&category=&groupCd=community","시초가-5%에시작해서오늘도죽을쓸까싶었는데그걸오전에말아올려서오후에외국인천억대이상매수세가들어오면서이떡락장에상한가에근접했네요.하루에낙폭이35%억대투자금이라일이손에잡히지가않는군요."
"79","엠팍은 입국금지 프레임 아직도 붙들고 있네요..","1079","https://www.clien.net/service/board/park/14746754?od=T31&po=2&category=&groupCd=community","처음에중국안막아서망했다프레임으로거세게몰아부치다,이탈리아를시작으로유럽팬데믹시작,그와중에외신칭찬이이어지자,일베발왜곡,날조자료가져와서문천지들이외신날조했다며오히려역공그와중에외신의칭찬이그칠줄모르고지속되자이번엔정부가잘한게아니라,의사들이희생해서잘한거다,정부가한게뭐냐?프레임..현재는홍혜걸의논지를신봉하며,무상의료가유럽을망쳤다,한국도공공의료고집하면유럽꼴못면할것이거밀고있습니다..'의료민영화'를추진하려는작전세력이침투한게확실해보입니다.거기에더해현재도이미갓끈떨어진지오래인'입국금지'프레임아직도밀고있네요지금이라도입국금지해야된다고....문재X뭐하냐고..지금입국자90%가자국민인데이걸막으라고???"
"80","월요일엔 로또 당첨 확인.jpg","2050","https://www.clien.net/service/board/park/14746753?od=T31&po=2&category=&groupCd=community","오전에바빴어서이제야보는데..계속바빠야겠어요;;"
"81","7광구는 일본으로 넘어 갈 확률이 높네요","3706","https://www.clien.net/service/board/park/14746752?od=T31&po=2&category=&groupCd=community","어릴때교과서에서본기억이가물가물나는데...최근에KBS'시사기획창'에서다뤄서보니..원래대륙붕기준으로한국이우리땅(바다)라고개발하려고했는데일본이같이할래?했다가그래돈도없고기술도없는데갈이알아보자해서알아보다가그사이국제법이대륙붕기준에서EEZ로바뀌면서일본이미래에냅두면꿀꺽할수있을거같으니경제성없어서덮자고조약맺고43년전묵히는중...근데바로옆에중국쪽바다에서석유랑가스가펑펑터지는거보니분명여기도석유랑가스가펑펑날거같은데조약때문에개발을못하고있군요.이대로가면8년뒤조약끝나고일본이EEZ주장하면남한만한바다가일본으로귀속된다고하네요.이건쌍방조약을맺은거라서일본입장에서한국이떼쓰는거라고주장해도할말이없는상태군요...현재일본측에우리개발할거임통보하고허가를기다리는중인데일본이허가해줄리만무하다고하네요.심지어우리가개발비다낸다고하는데도일본이경제성없다는핑계로시간끌기시전중ㄷㄷ암튼경제성은핑계고일본이다먹을려는시간끌기네요...조약을맺을때신중하게봤어야했는데...이건뭐...좀힘들어보이네요.현실적인건일본도중국이랑공동개발할려고하던데중국을잘꼬드겨서?일본이랑중국사이에서우리가줄잘타는게답인거같군요.."
"82","'유서 잠적' 김원성 '용기내 싸울것' 무소속 출마 시사","1476","https://www.clien.net/service/board/park/14746751?od=T31&po=2&category=&groupCd=community","김최고위원은이날페이스북에서“나타나지도않는미투,그리고제목소리가담기지않은녹취록,그간저를끊임없이흔들었던당관계자들의광란에가까운움직임에멘탈이붕괴돼순간적으로가족과부모님께씻지못할큰상처를드린것같아송구하다”고했다.그는“일평생부끄러운짓을하지않았고,조그만징계조차받은일이없다”며“한사람의인생을그리고한가족을자신의명분과이익을위해사지로몰아넣은세력의실체를반드시밝혀내명예를회복하겠다”라고했다.또“진영에얽매이지않고국민만을바라보고정의의길에서는좋은정치인이되겠다”라고했다.정치권에선“무소속출마를통해명예를회복하겠다는것아니냐”는말이나왔다.-----------------------------------------------------------------------------------------------------------------------------------------------------------------------------------------------------부산북강서을이쉽지않은동네이긴하지만..더불어민주당에서spec어마어마한최지은후보를공천한다데가현역인김도읍에,전부산강서구청장출신의강인길무소속출마,김원성무소속출마하면서해볼만하지않을까?싶네요.출처는조선일보이니클릭하지마세요~"
"83","섬나라","313","https://www.clien.net/service/board/park/14746750?od=T31&po=2&category=&groupCd=community","더많은가족들이사랑하는사람을잃을것입니다.라며영국총리가실상코로나대응포기를선언했죠.대책으로집단면역체계구축으로감염자수를줄이는방법을내놓았는데이게전국민의60%가감영되어면역력을갖게되면자연히감영자가감소할거라는얘기였죠.물론26만명이사망할거라는연구결과때문인지실행은하지않고180도바꿔감염을억제하는정책으로선회했죠.그런데아무리봐도그걸실행하는나라가있네요.섬나라."
"84","美 WSJ, “한국은 극심한 병상 부족 사태를 어떻게 해결했는가”","4791","https://www.clien.net/service/board/park/14746745?od=T31&po=2&category=&groupCd=community","미국의유력지월스트릿저널(WallStreetJournal)은22일“한국은극심한병상부족사태를어떻게해결했는가(HowSouthKoreaSolvedItsAcuteHospital-BedShortage)”제하의기사에서“저위험확진자를일반연수시설로전환함으로써의료시설과인력을확보하고보호할수있었다”고보도했다.출처:더브리핑(http://www.thebriefing.co.kr)------------(사진이예요.누르지마세요)"
"85","보수언론 열심히 정신승리중이군요","1550","https://www.clien.net/service/board/park/14746744?od=T31&po=2&category=&groupCd=community","http://m.monthly.chosun.com/client/news/viw.asp?ctcd=A&amp;nNewsNumb=202004100022링크는월간조선이니안보셔도됩니다.영남에서빼앗겼던의석수를가져와미통당이제1당이될거라는주장인데저는도저히공감하기힘들군요."
"86","분명 2주 재택근무를 위해 음식을 재워두는...","1528","https://www.clien.net/service/board/park/14746743?od=T31&po=2&category=&groupCd=community","사재기를해놨는데...이거..사놓고재워놔야하는데낼름낼름먹어지네요..사재기가아니라그냥사기를했어요..."
"87","65세 1000명당 병상수.korea","3215","https://www.clien.net/service/board/park/14746742?od=T31&po=2&category=&groupCd=community","인구1000명당병상수로보는게아니라실질적으로문제가되는고위험군(65세이상)1000명당병상의수입니다.아래는참고삼아보세요https://books.google.co.kr/books?id=i2SQDwAAQBAJ&amp;pg=PA206&amp;lpg=PA206&amp;dq=65%EC%84%B8+1000%EB%AA%85%EB%8B%B9+%EB%B3%91%EC%83%81+%EC%88%98&amp;source=bl&amp;ots=ZOL3pO4U9E&amp;sig=ACfU3U1ubelKfHdnrQcKqIGM4nAU9k-E7Q&amp;hl=ko&amp;sa=X&amp;ved=2ahUKEwiS2omz5a_oAhUCM94KHZqqDSgQ6AEwBXoECAkQAQ#v=onepage&amp;q=65%EC%84%B8%201000%EB%AA%85%EB%8B%B9%20%EB%B3%91%EC%83%81%20%EC%88%98&amp;f=false"
"88","불매운동의 목적을 상기할 때입니다.","961","https://www.clien.net/service/board/park/14746741?od=T31&po=2&category=&groupCd=community","불매운동은그가치에동의하는사람이늘수록힘을얻습니다그런데선택적으로불매하고있는사람이그선택점때문에비난받고매도돼서불매자체를중단한다면누구에게이득일까요?불매운동은남보다더불매하니까더나은사람이고,못하니까더못난사람이라고평가하기위한도구가아닙니다순혈주의는불매운동에도움되지않는다고생각합니다."
"89","이력서에 한줄밖에 없는 PD.jpg","5598","https://www.clien.net/service/board/park/14746740?od=T31&po=2&category=&groupCd=community",""
"90","[LIVE] 황희석-장용진, <U+2714>권련기관 개혁, 어디까지 왔나? 라이브 중","451","https://www.clien.net/service/board/park/14746739?od=T31&po=2&category=&groupCd=community","황의석예비후보님지금라이브중이십니다."
"91","나경원 “유권자들 마음에 ‘민주당만 빼고’라는 울림 있어”","2409","https://www.clien.net/service/board/park/14746738?od=T31&po=3&category=&groupCd=community","[김능구의정국진단]나경원“서울민심은양극화…절대지지자와절대반대자로나뉘어”“유권자들마음에‘민주당만빼고’라는울림있어”“코로나19극복을위해서는정부에힘실어줘야”“민주당위성정당,패스트트랙의‘셀프심판’”“민주당공관위원이날고발…정치공작의음모”보수통합에대해서는”생각보다시너지가많이나는편은아니다.미래한국당이라던가이런부분이명확치않다“면서도”지금은정체상태이지만다시도약할수있다.이유는유권자들의마음에‘민주당만빼고’라는울림이있기때문이다.핵심은‘민주당만빼고’다“라는의견을내놓았다.나는내친구들마음의울림도못듣겠는데이분은용케많은사람들의마음의울림을들으신다고하네요ㄷㄷㄷㄷㄷㄷㄷㄷㄷㄷㄷㄷㄷㄷ"
"92","주문한것보다 더 비싼 택배가 왔네요","1731","https://www.clien.net/service/board/park/14746737?od=T31&po=3&category=&groupCd=community","검색해보니까교보문고시그니처향수랍니다..6만5천원하는건데세상에어이가없어서웃음만나오네요..ㅎㅎ택배깔때물흔들리는소리가나서설마~했는데현실이였습니다..역시교보는포장이다르네~가아니라물품이다르네...상담원하고통화해봤는데교환받을물품은25일에서야출발한다네요이게뭔변인지.."
"93","조중동과 일베충의 논리","506","https://www.clien.net/service/board/park/14746736?od=T31&po=3&category=&groupCd=community","이슈=기레기와일베충의태도1.국내코로나확진자발생=문재인책임1-1.다른나라도확진자발생=문재인책임1-3.확진자수한국순위내려감=그래도문재인방역헛점2.신천지가퍼뜨림=문재인책임3.사망자발생=문재인책임4.기생충팀격려=문재인생각있냐?5.중국이마스크한국에전달=문재인책임6.일본이유람선격리=문재인은왜안하냐?7.싱가폴등확진자발생=한국보다확진자적으니한국은문재인책임8.진단키드보급=fda안받았으니문재인책임9.경제성장률전세계적폭락예상=문재인책임너무도빤하죠.쟤들은문재인탄핵을통해똥누리를집권시켜서한국을일본의속국으로만드려고하는게확실해보이네요.못알아채는국민이병신인상황입니다."
"94","[공식] 콘텐츠 판다 측 ''사냥의 시간' 넷플릭스行, 일방적 계약해지..국제적 소송 준","1967","https://www.clien.net/service/board/park/14746735?od=T31&po=3&category=&groupCd=community","하지만이과정에서'사냥의시간'해외세일즈를담당한해외배급대행사콘텐츠판다와합의를도출하지못해잡음을낸것.'사냥의시간'은올해열린베를린영화제를통해공식적으로20여개국에선판매됐고베를린영화제를통해얻은호평으로이후10개국에추가판매계약및논의중이었던상황에리틀빅픽처스가돌연넷플릭스와단독계약을추진하게됐다.'사냥의시간'은넷플릭스를통해전세계단독공개되고극장개봉이사실상불가능하게된'사냥의시간'에대해배급판권을구입한해외배급사들은'사냥의시간'을대리판매한콘텐츠판다를상대로대규모반발에나선상황이다.이와관련해콘텐츠판다측은23일오후스포츠조선을통해리틀빅픽처스가해외세일즈사콘텐츠판다에게일방적인계약해지통보를했다고밝혔다.이어콘텐츠판다는'사냥의시간'이베를린영화제에초청받을수있도록적극홍보및마케팅에나섰고이뿐만아니라해외30여개국세일즈를완료한상황에갑작스러운넷플릭스단독개봉소식에매우당황스럽다.이미해외영화사들과계약이체결된상황이었고계약금도일부받은상황이었다.이달중순쯤리틀빅픽처스로부터극장개봉이불가피해계약을해지하고싶다는요청이왔는데그때만해도넷플릭스와단독개봉이야기는전혀없었다.우리도오늘(23일)보도로넷플릭스와계약을알게됐다고불쾌한심경을전했다.또한리틀빅픽처스에서는우리가합의를받아들이지않았다고하는데이는사실이아니다.우리는넷플릭스와계약에대해전혀몰랐고이에대한논의역시없었다.현재'사냥의시간'배급권을구매한해외배급사에서반발이상당하다.넷플릭스개봉자체가전세계동시개봉인데어떤극장에서그런개봉방식을받아들일수있겠나?특히해외에서는극장과OTT플랫폼에대한대립이첨예하다.해외배급사들도리틀빅픽처스의계약해지통보에대해합의한곳은단한곳도없다.현재국제적인소송으로이어질수도있는만큼법적대응방안을준비중이다고밝혔다.https://n.news.naver.com/entertain/article/076/0003545458넷플한테받은돈소송비용으로쓰이겠네요"
"95","N번방 대화 중 뼈맞은 오덕.jpg","4462","https://www.clien.net/service/board/park/14746734?od=T31&po=3&category=&groupCd=community","그러므로3D여자를멀리하고2D여자만을가까이하면안전합니다."
"96","개인 사업자 차량 구매 혹은 리스 관련해서 문의 드립니다.","75","https://www.clien.net/service/board/kin/14746733?od=T31&po=3&category=&groupCd=community","얼마전에18만키로가까이되는경차를폐차했고차량이필요한시점입니다.개인사업을시작했습니다.그래서궁금한것이시업자분들은장기렌트나리스로이용해서세금처리하시는것같은데,구매를해도세금처리가안되는건가요?세법지식이없어서요.그리고전기차르를선호하는데구매시보조금헤택이있는데,마찬가지로장기렌트나리스에서고혜택을받을수있는건지요?어떤게유리한지몰라서문의드립니다.답변미리감사드립니다."
"97","궁금해서 물어본 갤럭시 폴드 기본케이스 재질","1034","https://www.clien.net/service/board/park/14746732?od=T31&po=3&category=&groupCd=community","폴드를쓰시는분들이라면다알고계시는기본케이스!!현재제가쓰고있는케이스인데이렇게생겼죠~3번정도떨어트렸는데꽤튼튼한재질로되어있어서궁금해서물어봤습니다~우레탄을씌운아라미드섬유로만든케이스라고합니다~결론은우리가흔히얘기하는탄소섬유가맞네요~500도불에태워도안타고일정두께가되면방탄도된다는데심장부위에항상넣어두고다녀야겠군요...ㅋㅋ"
"98","2019~2012 천지인상 수상자들","1937","https://www.clien.net/service/board/park/14746730?od=T31&po=3&category=&groupCd=community","축하합니다.저는축하할려고글올린겁니다.다들축하해주세요.참고:비난댓글하지말아주세요.(클리앙에신천지신도들있어요)"
"99","버즈+ 이쁘네요~ 사용해 본 총평은..","1466","https://www.clien.net/service/board/park/14746729?od=T31&po=3&category=&groupCd=community","색상은약간부담스러운유광하늘색거기다가유닛도하늘색ㄷㄷ확실히음악감상은버즈+가이퀄라이저설정도가능해서그런지에어팟보다는좋아요(에어팟은플랫하다면버즈는사용자조절이가능하니ㅎㅎ)착용감은에어팟보단답답한건사실이고또한가지좋은건터치패드가활용도가다양하다보니편하네요(볼륨조절도가능하니)통품은에어팟보단못하며,주변소리듣기는꽤자연스럽게하려고노력을많이했네요차음성은에어팟프로의노캔보다는못하지만그래도좋습니다ㅎㅎ"
"100","사재기는 클량 아재들이 전문인데요","454","https://www.clien.net/service/board/park/14746728?od=T31&po=3&category=&groupCd=community","안하는게임사재기한게수십개는되싷것같은데요"
"101","메스컴 차별 너무 심하네요","444","https://www.clien.net/service/board/park/14746726?od=T31&po=3&category=&groupCd=community","나도석사고진석사도석산데나도오징어고진석사도오징어인데진석사도전공분야아니고나도내전공분야도아닌데진석사는테레비에나오고나는테레비에안나오고이건차별임뮈돵~나도진석사만큼헛소리할자신있숨미당~안되면자폭개그라도하겠숨미돵~"
"102","통합당의 무리수.. '조국은 n번방 가해자들의 영웅'","3306","https://www.clien.net/service/board/park/14746724?od=T31&po=3&category=&groupCd=community","학살자들을영웅취급하는분들이누구더라..............?(질문이다!)정말너무하네요ㅠㅠ"
"103","아직 고인물 저보다 오래된 분은 없네요?","1448","https://www.clien.net/service/board/park/14746723?od=T31&po=3&category=&groupCd=community","예전에는kpug가메인이고클량은파생같은개념이었죠.그때부터가입한클리앙극초반멤버입니다만...어렴풋이기억에한번리뉴얼되면서가입일시가일괄로초기화되었습니다.그래서아마그떄유저들은다저랑동일할듯하네요.그런데글들보니깐,그떄분들많이나가셨나..별로안보이네요.뭐저는거의읽기만해서가입일자에비해글수나댓글은턱없이부족합니다만..암튼저이하로오래된분은없을거라생각하네요."
"104","장염5일차 몸이 망가지네요","894","https://www.clien.net/service/board/park/14746722?od=T31&po=3&category=&groupCd=community","(만약에이거대신이라면)외상이면그래도먹는건덜할텐데요.그래도근2년가까이만들었던몸이이번장염하나에무너지네요.등치나골격이좋은체질이아니라loss는순신간입니다.글찮아도그나마했던운동도코로나로근한달이상못하고있고요.피골상접까지는아니지만살이쪽빠지고약을먹으려니미음/죽안먹을수도없고ㅅㅅ는계속하고...ㅠㅠ수액은1일차에맞았어야했는데그때는나갈기운도없던때라타이밍을놓친듯하구요.머릿속에서는계속맛있는것들이떠오르니위는더욱더쓰려오고...몸따로마음따로입니다."
"105","쿠팡 KN95 직구 평이 안 좋군요","2881","https://www.clien.net/service/board/park/14746720?od=T31&po=3&category=&groupCd=community","귀아파요작아요냄새나요오리처럼튀어나오는모양이별로에요등등평이안좋군요.다들달려있는평이대한민국마스크가짱이에요.왜그렇게한국산을선호했는지알것같네요."
"106","근데 n번방 관련해서 avsnoop이 자주 언급되는데","1707","https://www.clien.net/service/board/park/14746719?od=T31&po=3&category=&groupCd=community","기억이가물가물하긴한데예전에ㅇㄷ받으러avsnoop은저도들어갔던기억이어렴풋이있어서불안하네요ㅡㅅㅡ물론전품번있는정품(?)ㅇㄷ만취급했으니괜찮겠죠.."
"107","뜬금없는 얘기지만 31번 확진자...","1289","https://www.clien.net/service/board/park/14746718?od=T31&po=3&category=&groupCd=community","퇴원했겠죠?그때확진자터지기시작하면서카오스에빠진지가한몇개월지난기분이네요."
"108","울산 터미네이터 풀 영상.tube","2187","https://www.clien.net/service/board/park/14746717?od=T31&po=3&category=&groupCd=community","한국에로영화처럼중요부위는교묘하게다피하네요"
"109","위 건강 지식인 계세요?","80","https://www.clien.net/service/board/kin/14746714?od=T31&po=3&category=&groupCd=community","평소소화가어려운사람을위한위건강생활식습관,운동법,영양제추천조언구합니다.감사합니다."
"110","갑자기 외기온도 21도... 봄이네요","1244","https://www.clien.net/service/board/park/14746713?od=T31&po=3&category=&groupCd=community","덥네요...."
"111","앱을 개발해 구글 플레이 스트어에 올릴려는데요 서버,웹호스팅이 필요할까요?","121","https://www.clien.net/service/board/kin/14746712?od=T31&po=3&category=&groupCd=community","회사에서동영상을올리면고객이구글플레이스토어에서해당앱을다운받아시청하는시스템을구축할려합니다.그렬려면일반홈페이지처럼앱도호스팅이란개념이필요한가해서요?이쪽분야를전혀몰라서요~아시는분도와주세요~~^^"
"112","해외여행 가고 싶어서 책 만듬. JPG","3336","https://www.clien.net/service/board/park/14746711?od=T31&po=3&category=&groupCd=community",""
"113","'동물의 숲 글 올리는 사람은 토왜나 일베 생각납니다'","1871","https://www.clien.net/service/board/park/14746709?od=T31&po=3&category=&groupCd=community","'동물의숲글올리는사람은토왜나일베생각납니다.'이렇게주장하는분들은오히려본인이토왜라서갈라치기하는사람나도모르게토왜를위해복무하는사람둘중에하나입니다.동물의숲하는사람들보다더일베편이죠.불매운동은사람마다기준이다릅니다.완벽한노재팬일본불매운동은없습니다.일본전체,일본정부,일본기업,일본인이포함된모든것.전범기업,모든기업,부품이들어간한국제품포함,문화예술상품,자동차,카메라,대체제가없는제품,생필품,아이돌등등모든불매는선택적입니다.개개인들이다양하게선택한불매가뭉쳐서큰힘을발휘합니다.방향이비슷하다면,각각의벡터가합쳐서크기가커진다면다같은편입니다.불매운동하는모든사람은우리편입니다.그래야불매운동의힘이커집니다.방향이약간다르다고크기가작다고과하게비판하고탈락시키면오히려힘은약해집니다.물론개인의기준이다르기때문에반응이좋을수도있고나쁠수도있죠.이건당연한반응입니다.하지만그때는'당신의기준이우리와다르다혼자즐기는건좋지만홍보하는느낌은글은안쓰셨으면좋겠다'정도가불매운동에긍정적인피드백입니다.실제로클리앙의대다수분들은이렇게반응하시죠.하지만일부토왜나일베에비유해서비판하시는분들도있죠.이런과한비판은비판받는대상을불매운동이라는사회적카테고리에서밀어냅니다.동물의숲하는분들도불매운동에동의하고동참하는분들이많습니다.단지불매운동의선택과벡터가다를뿐이죠.실재로밀쳐내진분들중에는불매운동에염증을느끼는분들도생깁니다.오히려불매운동을약화시키는겁니다.삼성불매운동와해하는첫번째방법은불매하지말자는게아니였습니다.부품불매론으로산성불매를분열시키고오히려증폭시켜서논란만들어서탈락시키는거였죠."
"114","욕하셔도 되는분","2527","https://www.clien.net/service/board/park/14746708?od=T31&po=3&category=&groupCd=community","아니병천지를떠나서비급여라고욕하는종자가있나봐요근데이판국에병천지는예배를진행하나요??"
"115","기레기X진석사 현 상황","2375","https://www.clien.net/service/board/park/14746707?od=T31&po=3&category=&groupCd=community","법조쿠테타라고발악중ㅋㅋ"
"116","이탈리아의 마스크 착용법.JPG","4906","https://www.clien.net/service/board/park/14746706?od=T31&po=3&category=&groupCd=community","마스크도패션..."
"117","그래도 기레기들 학창시절 나름 똑똑한 학생들...","1063","https://www.clien.net/service/board/park/14746705?od=T31&po=3&category=&groupCd=community","이라고생각했는데...요즘기레기들꼬라지를보면...그냥받아쓰기잘하면되는직업같습니다.전문성은바라지도않고그저사실보도만했으면...아님기자때려치고소설가가되던지하는바램입니다.대한민국가장썩은곳중한곳은기레기집단이라고확신합니다.보고있냐좃.중.동??"
"118","왜 나라이름이 대한민국인가요?","1215","https://www.clien.net/service/board/park/14746701?od=T31&po=3&category=&groupCd=community","이름만들어도뭉클하고멋진데대한민국네글자가너무나멋진데누가이름을지었나요?(일본이라는이름은옹졸해보이기까지하는데..)이상한나라보고와서뽕이차오릅니다펄럭~"
"119","총선 후 가장 시급한 개혁은?","891","https://www.clien.net/service/board/park/14746700?od=T31&po=3&category=&groupCd=community","언론개혁아닐까요?먼저적페기레기들을깨부숴야검찰개혁도훨씬수월해질거라생각합니다.안그러면또기레기들의독재선동이장난이아니겠죠."
"120","제가 음식사진 찍는 이유..jpg","3239","https://www.clien.net/service/board/park/14746699?od=T31&po=3&category=&groupCd=community","외근이많은직종이라..우연이든아니든맛난데갔는데..나중에찾아갈때쉽거든요.."
"121","지상파 크롬캐스트로 볼 수 있는 서비스 추천 부탁드려요!","131","https://www.clien.net/service/board/kin/14746698?od=T31&po=4&category=&groupCd=community","문득지상파TV가보고싶어졌습니다.wavve를다운받아보니크롬캐스트전송이되더라구요.다만가장저렴한요금제가12000원인데요저렴하면서모바일,크롬캐스트정도로지상파실시간시청할수있는서비스없을까요?"
"122","(친)여동생 결혼식에 불참하겠다고 했습니다","6888","https://www.clien.net/service/board/park/14746697?od=T31&po=4&category=&groupCd=community","주말에여동생이결혼할사람이라며인사왔는데...행사종료후(?)동생에게결혼식불참하겠다고했습니다.왜그러냐고묻기에...넌내돌잔치에안왔잖아를시전했습니다ㅋㅋㅋㅋㅋ전제동생돌잔치참석했는데...."
"123","롯데리아 신메뉴 1인혼닭","2497","https://www.clien.net/service/board/park/14746696?od=T31&po=4&category=&groupCd=community","5~6천원짜리시장통닭이창ㅡ렬한마리가581kcal밖에안나가면얼마나작은닭인건가요???"
"124","근데왜 자꾸 마스크업체가 손해라는 발언이 나올까요.","1484","https://www.clien.net/service/board/park/14746694?od=T31&po=4&category=&groupCd=community","더비싸게못팔아서?제가1월중순쯤코로나첨시작했을때별생각없이어른꺼100개아이들꺼140개샀다가와이프한테등짝내준사람입니다.지금은구국의영웅이죠...전그때도귀찮아서전부쿠팡에서샀었는데그당시,어른꺼는탐사꺼!개당500~600원였어요.개별포장기준아이들껀겨울왕국,스파이더맨,탐사꺼나눠서샀는데그건개당천원이고탐사는600원정도...전부개별포장기준이요.그럼출고가는한300원~500원이였을텐데....지금은900원보장인데ㅎㅎ왜자꾸마스크로그러는지...지금전세계가마스크대란인데제일대처잘하고있는대한민국인데요ㅎㅎ"
"125","엄정화 페스티발","848","https://www.clien.net/service/board/park/14746693?od=T31&po=4&category=&groupCd=community","러디오에서지금나와서들어보니가사가왜이리짠하나요위로가되네요*이제는웃는거야Smileagain행복한순간이야Happydays움츠린어깨를펴고이세상속에힘든일모두지워버려슬픔은잊는거야Nevercry뜨거운태양아래Sunnydays언제나좋은일들만가득하기를바라면돼*항상똑같은생활속에지쳐가지만나를누르는힘든일에쓰러지지만고개를숙일건없어그속에행복있는걸찾으면돼나의주위를둘러봐힘겹다느낄때맑은어린아이의모습에미솔닮아봐*반복*아주가끔은사랑있어즐겁게웃고또어떤날은사랑으로울기도하고쉬운건하나도없어그속에기쁨느끼면그걸로돼조금낮추어돌아봐삶이무거울때아무말없이뛰고만있는많은사람들*반복*라라라Smileagain라라라Happydays커다란하늘처럼만더크게웃고더크게생각하는거야눈물은잊는거야Nevercry푸르른햇살처럼Sunshinedays언제나좋은일들만가득하기를기도할게"
"126","美 전문가들 '신뢰하는 아시아국가'..日48% 1위.한국은 9%","5657","https://www.clien.net/service/board/park/14746690?od=T31&po=4&category=&groupCd=community","https://news.v.daum.net/v/20200323122920649토왜일보다운..."
"127","형이 거기서 왜나와.jpg","4126","https://www.clien.net/service/board/park/14746689?od=T31&po=4&category=&groupCd=community","??????!"
"128","19세 라미란.gif","6465","https://www.clien.net/service/board/park/14746688?od=T31&po=4&category=&groupCd=community","93년가요톱텐ㄷㄷㄷㄷㄷㄷㄷ옆에분은박성웅씨부인분이시라네요.."
"129","알바들이 떡밥을 푸나요?","982","https://www.clien.net/service/board/park/14746686?od=T31&po=4&category=&groupCd=community","일본제품불매는일생활입니다.이번동숲이슈도그냥그러려니지나가는이슈중하나죠.(자랑만하지않는다면요)그런데지속적으로이와관련된게시물이생성됩니다.어그러성이다분해보이는..저건괜찮다면서이건안되냐?라는글들인데사실이정도게시물들이나올수준의이슈는아니지않니요??불매는개개인의노력에의한것이지강요는아니니까요."
"130","코로나에 따른 예배 자제에 대한 글","557","https://www.clien.net/service/board/park/14746685?od=T31&po=4&category=&groupCd=community","코로나확산금지를위해정부의특단의조치로집단및모임자제를권고하고있습니다.이집단및모임자제라는것에는초중고를포함한대학교의개학/개강연기,PC방임시휴업과종교적집회자제를포함하고있습니다.이러한정부의조치는더이상의집단감염확산을막기위한것입니다.그러나일부라고칭하는기독교교단에서예배강행과그과정에서보도된비의료적행위가논란이되면서뭇매를더맞고있습니다.그러면서일부라고칭하는교회에서헌금이라는금전적인문제로에배를강행하는것이아니냐는따가운시선이있는것도사실입니다.얼마전에이에대한논박글이올라왔는데요.https://www.clien.net/service/board/park/14745238?type=recommendCLIEN교회에서예배강행이단순금전적인것이아니고예배에대한종교적신념에서비롯된다는취지의글이올라왔더군요.그러면서일반인과종교인의교리적접근다르다는것을강조하고있습니다.물론동의합니다만.본사건의근본적물음이게아닙니다.즉,정부의권고안은일반인과종교인의예배에대한교리적해석을규정하고있지않습니다.집단적모임으로인해코로나감염확산가능성이분명히증가하니자제해달라는것입니다.다시말해일반인,종교인입장에서는세속인들의경제적논리에대해부정하면서다시한번교리적해석으로답변하고있습니다.정부의권고안이나일반인들은종교인이어떠한교리적해석과신념에의해예배를강행하는지궁금하지않습니다.그들의종교적신념혹은해석이라고강행하는예배라는행동에의해코로나감염이확산될가능성이증가하고있으며,대부분의종교인이세속과단절된무직자로존재하지않는이상주중사회로귀환했을때직장과이동과정에서발생할수있는선의의n차감염자가발생할수있는가능성과실제특정종교단체에의해여러차례확인된바있기때문에정부에서는이러한권고안을발표하게된것입니다.아울러상당수의기독교교단에서주장하는예배라는것라는것도흔히현대기독교에서는'말씀'과'성찬'으로이루어져있으며,이는개혁주의교회에서일반적인형태이긴하나교단에따라교리해석이상이하기때문에차이가존재합니다.특히현대예배라는것이스코틀랜드장로회의공동예배규범에최대한따르려는것으로한국의루터회와성공회를제외한대부분의개신교에이에포함됩니다.이는1542년제네바예배형태에서유래한것으로교단마다표준예식서가있지만열린예배도있고오랜전통에따라전례적으로이루어지는교회도있습니다.이러한교회의예배는앞선언급한대로종교인의신념을언급했지만,이는현대개신교교인들에게는구원의물음에종착하기때문에신념화되었다고보는것이정확하다할수있습니다.또한내부적으로경제적인헌금문제또한자유롭지못한것도사실입니다.그리고교회내부의권력구도와도무관하지않습니다.즉첫번째언급한종교인의신념문제는당교회입장에서는신도이탈과그에따른갈등이더큰문제로생각됩니다.하지만종교인이생각하는세속인들입장에서는예배의규정과원인은전혀궁금하지않습니다.설사본인들의구원적신념에기인한다고해도n차감염자가발생하는것이정당화될수없습니다."
"131","5살 어린 여친이 오빠랑 나이차이 줄었으면 좋겠다길래","3049","https://www.clien.net/service/board/park/14746683?od=T31&po=4&category=&groupCd=community","제가광속에가까운속도로달리면상대성이론에따라제시간이느리게흘러서나이차이가줄어들므로빨리돈많이벌어서우주여행보내달라고대답했습니다.뿌듯하네요"
"132","부케 받아 본 '남자'분 계신가요?","1054","https://www.clien.net/service/board/park/14746682?od=T31&po=4&category=&groupCd=community","절친녀가5월에결혼을하는데....부케를저보고받아달래네요ㅜㅜㅜㅜㅜㅜㅜㅜㅜㅜㅜㅜㅜ무조건제가받아야한대요......허허........요즘남자도받는다는말을듣긴했지만저에게이런쪽팔림의시련이오게될줄은.....ㅜ"
"133","노트북을 모니터 대용(게임기연결)으로 사용하려면 외장캡쳐보드가 있으면 될까요?","109","https://www.clien.net/service/board/kin/14746681?od=T31&po=4&category=&groupCd=community","좁은공간에서사용하려다보니모니터를따로설치하는거보다는기존에노트북의화면을사용하고싶은데요게임기(플스등)을연결해서게임기화면용도로쓰고싶습니다.외장캡쳐보드를사서노트북-외장캡쳐보드-게임기이렇게연결해서사용하면될지요?"
"134","일본, 26일부터 미국서 오는 사람도 입국 막는다","1785","https://www.clien.net/service/board/park/14746680?od=T31&po=4&category=&groupCd=community","아니.............내부에서퍼지고있는데바깥을막는다고뭔소용이있냐고요...........하아..........무식의끝판왕ㅠㅠ"
"135","Icon of Sin","1219","https://www.clien.net/service/board/park/14746679?od=T31&po=4&category=&groupCd=community","빤스목사또는황이나신xx같은곳에서믿는신(God)은이런신이아닐까하는생각이아주가끔듭니다..."
"136","빤스목사 교회 2주간 집회금지명령","1655","https://www.clien.net/service/board/park/14746678?od=T31&po=4&category=&groupCd=community","거의계엄에준하는보건비상사태속에서말을안들었으니따끔하게조치해야죠서울시는23일성북구사랑제일교회에대해집회금지명령을내렸다.집회금지기간은23일부터다음달5일까지다.이에따라이교회는이기간에예배를포함한일체의집회가금지돼사실상문을닫아야한다.앞서22일사랑제일교회에서는전광훈(64·구속)한국기독교총연합회(한기총)목사가이끄는문재인하야범국민투쟁본부(범투본)가정부의예배중단권고에도불구하고'주일연합예배'를강행했다.전목사는이교회에서담임목사로시무한다.이에따라서울시직원3명과성북구청직원1명이23일오전교회를방문해집회금지명령을통보하는공문을전달했다.https://news.v.daum.net/v/20200323115934768"
"137","중국 kn95마스크 해외직구했습니다","2040","https://www.clien.net/service/board/park/14746676?od=T31&po=4&category=&groupCd=community","알구게에서봤던qoo10kn95마스크100개짜리구매했는데요해당알구게글은신고먹고삭제된거같네요;;kn959001모델이라는데제가가지고있는kf94마스크보다숨쉬기가편해서성능에의구심이들긴합니다만없는것보다는낫다는생각으로가족들에게보낼려고합니다"
"138","2021년 삼전 주총모습","4769","https://www.clien.net/service/board/park/14746675?od=T31&po=4&category=&groupCd=community","경찰추산주총인원은얼마나오는거죠?"
"139","코로나 치료제 개발 업체 아직 다 루머겠죠","987","https://www.clien.net/service/board/park/14746674?od=T31&po=4&category=&groupCd=community","아침에보유한종목이상가길래또루머겠지했는데오후에찌라시식으로진짜개발이완료되서임상을가장빨리들어간다는찌라시가도네요적당히올라서빠질줄알았는데외국인이지금미친듯사는데뭔가있나싶기도하고주가를떠나서치료제가나왔으면하네요"
"140","황교안의 종로구 4차산업단지 위치","2483","https://www.clien.net/service/board/park/14746672?od=T31&po=4&category=&groupCd=community","(서울=연합뉴스)이동환기자=미래통합당황교안대표는19일서울종로구에있는대학들과연계해종로를4차산업혁명을위한R&amp;D(연구·개발)특구로만들겠다고공약했다.4·15총선에서종로에출사표를던진황대표는이날모교인성균관대정문앞에서이같은내용을포함한4차산업특구공약을발표했다.황대표는종로는그동안봉제와보석·관광등전통산업중심으로경제발전을이뤘지만,세계경제재편에대비해새로운일자리를창출하는'젊은종로'를만들어야한다며이같이밝혔다.황대표는우선성균관대·방송대·상명대등종로관내15개대학과연계해4차산업혁명연구개발특구를조성하고일자리1천개이상을창출하겠다고밝혔다.연구개발특구로지정되면첨단기업과연구소들이법인세를3년간100%,이후2년간50%감면받을수있고재산세도최대7년간100%,이후3년간50%감면되는혜택을받을수있다고황대표는설명했다.또종로구에연건캠퍼스를둔서울대의대와협력해'분자의학및바이오제약연구센터'를만들예정이다.아울러종로구송현동부지에4차산업전진기지를만들어헬스·의료,문화관광을중심으로한서비스단지를만들계획이라고밝혔다.-----------------------------------------------------------------------------------------------------------------------------------------------------------------------------종로일대가땅값이너무비싸서저런연구단지들어올만한곳은없을텐데생각했는데설마저기다짓겠다고할줄은몰랐네요.물론실현가능성은0이라봅니다.서울시가용도안바꿔주면말짱황."
"141","日, 26일부터 입국제한 대상국에 美 추가","1863","https://www.clien.net/service/board/park/14746671?od=T31&po=4&category=&groupCd=community","오는26일부터미국이일본입국제한대상국가가된다.일본정부는23일아베신조총리주재로열린신종코로나바이러스감염증(코로나19)대책본부회의에서미국을입국제한대상국에추가했다.일본은앞서한국,중국,이란,이집트,유럽거의모든국가등40개국에도입국제한조치를취했다.미국에서일본으로입국하는모든입국자는26일0시부터코로나19감염여부를확인하기위한경과기간으로자택이나호텔등검역소장이지정하는곳에서2주동안머물게된다.2주후에도대중교통을이용하지말라는요청을받는다.미국이좋아하겠네요......................위험하다고여겨지는국가가알아서명분주니.........."
"142","아직 지들이 갑이네요. 신천지.","1852","https://www.clien.net/service/board/park/14746668?od=T31&po=4&category=&groupCd=community","https://news.v.daum.net/v/20200323090403643?f=m&amp;from=mtop운쓱려리~!!!!!"
"143","헬스장 휴업 강력 권고는 지키는게 자신들에게도 좋을텐데 말이죠","1061","https://www.clien.net/service/board/park/14746667?od=T31&po=4&category=&groupCd=community","당장2~3주매출줄어드는게힘든건100%이해합니다만,이걸로정부욕하는건매우어리석어보입니다.왜냐면,와이프가학원강사인데,학원업계가초반에코로나가볍게보다아주큰타격을받고있는중이거든요.아마부산에서학원강사로부터학생에게감염된사례기억하시는분많을거에요.코로나사태터지고초반(2월말경)학원들이1주일정도쉬었다가다시열라하다가..저사건이후로학부모들의대규모휴원요구혹은항의로인해한달간휴강하거나사이버강의대체하는학원들이많아졌어요.저희와이프가일하는학원도같은상황으로3월말까진학부모의견에따라사이버강의혹은휴원을받아주고있는상황입니다.아직국내에헬스장감염사례가있는지모르겠는데,조금씩지역감염사례가나오고있는현상황에서만일단한군데에서헬스장내감염사례가나오면전국최소절반이상의헬스장들은몇달간곡소리날겁니다.실제로헬스장의경우맨손으로운동기구를서로만지면서운동하다쉽게감염이될수있는상황이라일본에서헬스장내집단감염추정사례가있기도했구요.그럼2주어렵게버티면좋아질수도있는상황이그냥부도나는거는거죠.차라리정부에게일정부분보상을요구하는게나을겁니다."
"144","우리나라 만큼 종교의 자유가 보장되는 나라가 있나요?","839","https://www.clien.net/service/board/park/14746665?od=T31&po=4&category=&groupCd=community","신천지를종교로인정도해주고개신교임대료지원까지해준다는군요.누가??대구시장이...성실하게세금잘내는자영업자들은????"
"145","제가 즐겨 보는 유튜버","1209","https://www.clien.net/service/board/park/14746663?od=T31&po=4&category=&groupCd=community","IT유튜버인데기성유튜버가마음에안들어만든걸로압니다.중국에거주해서다양한중국핸드폰비교는한국에서이만한채널이없고,카메라분석도상당히일가견이있어자주봅니다.GW1센서채택한샤오미폰으로갈까하다픽셀3a추천하시는걸보고바로선회했습니다."
"146","공대 대학원 나와서 반도체쪽 오니까 조사빼고 다 영어네요","2379","https://www.clien.net/service/board/park/14746662?od=T31&po=4&category=&groupCd=community","특히외국계업체랑일하다보니휴가라는단어도PTO로쓰고있네요"
"147","심재철 '마스크 줄세우기 도대체 언제까지 할꺼냐'","4603","https://www.clien.net/service/board/park/14746661?od=T31&po=4&category=&groupCd=community","그는마스크대란이계속되는데,제조업체들불만과유통마진의혹이쌓여간다며제조업체들은장당900원에납품한다.유통업체는1천600원에팔아장당500원의이익을남긴다.생산부담은제조업체들이지고,혜택은유통업체들이누린다고주장했다."
"148","하... 답답하네요...","410","https://www.clien.net/service/board/park/14746660?od=T31&po=4&category=&groupCd=community","수년전..살인진드기로한창시끄럽던해가있었습니다..기억에살인진드기에물리고1~2주간의잠복기후증세가발현된후심각한경우에사망까지도이를수있다고...그해의추석을맞이해친척들이모두모이고성묘를갈시점이되었습니다..도통그러시지않으시던거동이불편하신할아버지께서동행을하시겠다하시더군요...첫번째로살인진드기가걱정이되고,거동도불편하신와중에산중턱에위치한산소까지올라가실수없다고극구만류했습니다.저혼자..다른친척들은과한걱정이라며모시자고하더군요...뭐그리젊은놈이겁이많냐며...그때살인진드기란놈도고령인분들에게더치명적이라고했던것같습니다..결국,저혼자만반대하고모두들괜찮다는의견에모셨습니다...결국가시고오시며부축도제가다하고다른분들은그저바라보기만했던기억이있네요...뭐제가조금불편했던건상관없었습니다.하지만그이후에몇주간걱정으로맘조렸던기억이나네요..뭐결국걱정했던일은없었지만요...아무런대책도없는괜찮다는불감증은너무싫습니다..지금도요..지금의코로나도마찬가지인것같아요...지난주말전국각지의관광명소들이방문객들로북새통이었다고하더군요..지금코로나가해결된것도아니고한참동안은조심해야할상황인것같은데...이렇게방심했다감염되면그땐누굴원망할런지..재수없었다로끝날문제도아닌데..하...조금만더과하다싶을정도로조심하는게좋지않을까싶은데말이죠...그저답답한마음에두서없이..."
"149","이슈가 되고 있는 요가원 문자랑은 달라서 다행입니다.","1732","https://www.clien.net/service/board/park/14746658?od=T31&po=4&category=&groupCd=community","정부에서발표한4/3까지시설들폐쇄권고때문인지저희요가원도똑같이휴원한다고문자왔네요"
"150","아이폰은 이제 마스크 써도 열리는데","1828","https://www.clien.net/service/board/park/14746657?od=T31&po=4&category=&groupCd=community","아이패드는아직도학습이안됐나안열려유ㄱ-"
"151","이승환 형님은 세월이 비켜가네요..","1783","https://www.clien.net/service/board/park/14746656?od=T31&po=5&category=&groupCd=community","근데승환형님을비켜간세월이왜저만정통으로때리는걸까요..아..정말노래도좋고가사도좋고영상도좋고..최고네요ㅠ.ㅠ"
"152","서울사랑상품권 20% 할인이네요. (제로페이)","2150","https://www.clien.net/service/board/park/14746654?od=T31&po=5&category=&groupCd=community","사용처가적은게흠이지만...대형마트가안되는군여ㄷㄷhttp://news.seoul.go.kr/economy/archives/506584"
"153","성폭행 묻지마 재판을 보니 민식이법도 걱정 되네요.","1256","https://www.clien.net/service/board/park/14746652?od=T31&po=5&category=&groupCd=community","판사가공정한재판을못하고언론과여론의눈치를보는데낼모레부터민식이법시행되면억울할운전자들많이생길듯하네요.아무리조심하더라도나에게억울한사고는생길수있으니까요;;"
"154","지난주에 아이폰 XSM 무리하게 구입했는데, 이번주 XS 가 싸게 풀리네요...","1784","https://www.clien.net/service/board/park/14746650?od=T31&po=5&category=&groupCd=community","지지난주말에아이폰XSMax가나왔는데주말당시에는몰라서못사고,결국월요일에그나마남은거줍줍해서마눌님바꿔줬는데요.처음나왔을때는괜찮은가격많았는데그런조건은다이미매진되고,제가구입한시점에는쩌리조건만남아서6개월유지19만원에64기가정도로구했습니다.그런데오늘보니같은조건/가격에XS512기가를살수있네요.ㅡㅜ게다가지난주처럼구하기어려운것도아닌것같고...마눌님께서는일단6.5인치가5.8인치보다낫다고위로를해주시고,용량쓸일이별로없어서64기가도충분하다는데,다만오늘부터아이클라우드200G를신청하셨군요...ㅡㅡ;"
"155","'총선 지지' 민주당 38.5%·미래통합당 23.1%","2794","https://www.clien.net/service/board/park/14746649?od=T31&po=5&category=&groupCd=community","비례대표정당투표시지지정당조사에서는통합당의위성정당(자매정당)인미래한국당이1위를차지했으나,범여권정당총합에는미치지못했다.이같은결과는문화일보가여론조사전문기관엠브레인퍼블릭에의뢰해지난20∼21일전국만18세이상남녀1011명을상대로한여론조사(95%신뢰수준에표본오차±3.1%포인트)에서나왔다.부산·울산·경남(PK)에서민주당35.8%,통합당31.9%로박빙이었다.비례대표투표정당은한국당20.4%,범여권비례대표연합정당인더불어시민당16.5%,정의당9.1%,손혜원의원과정봉주전의원이주도하는열린민주당6.9%,국민의당5.3%순이었다.시민당과열린민주당지지율을합하면23.4%로,한국당지지율을앞섰다이하......."
"156","부산서 꽃 놀이 다녀온 60대 남녀 코로나19 확진...경주 35번과 접촉","2543","https://www.clien.net/service/board/park/14746648?od=T31&po=5&category=&groupCd=community","[서울경제]부산서꽃축제나들이를다녀온60대남녀가신종코로나바이러스감염증(코로나19)확진판정을받았다.23일부산시보건당국은전날196건을검사해2명이양성판정을받았다고밝혔다.이번확진판정을받은환자는사하구에사는62세여성(106번확진자)과62세남성(107번확진자)이다.부산시역학조사결과두사람은지난18일전남구례군산수유마을에함께다녀온것으로확인됐다.이들은같은날산수유마을을다녀간경주지역35번확진자(60세·여성)와접촉해감염된것으로시보건당국은추정했다.구례군에서나서축제를취소했지만,이들은많은사람이모이는나들이장소에갔다가감염된것으로보인다.106번확진자남편은음성판정을받았고,107번확진자는혼자거주하는것으로알려졌다.두사람은경주35번확진자가양성판정을받았다는통보를받고지난21일부터자가격리중이었다.부산에서확진자가2명나옴에따라지난18일산수유마을을다녀간사람중에서추가로감염자가나올수도있는상황이다.========================꽃이앞으로계속필텐데"
"157","마약짤 방출","5701","https://www.clien.net/service/board/park/14746646?od=T31&po=5&category=&groupCd=community","몇일전많은클리앙회원님들께출산축하를받았습니다.감사합니다!!제가너무나도학수고대하던짤을드디어만들었습니다.너무귀엽고소중하고그렇네요.하하하하"
"158","기사 제목들이 가관이 아니군요.","921","https://www.clien.net/service/board/park/14746645?od=T31&po=5&category=&groupCd=community","어떤기사는독일총리를확진자로보이게만들지않나...또어떤기사는유럽유학생한명을전혀상관없는다른일가족(해외여행력없음)과연결되어보이게적어서학생을더욱욕먹게만들지않나...오늘클리앙에올라온것만봐도이렇네요.물론어디까지나헷갈리도록적었을뿐문제삼으면빠져나갈수있게적어놨습니다.너무하네정말..."
"159","이과출신들은 이해하십니다.","2667","https://www.clien.net/service/board/park/14746644?od=T31&po=5&category=&groupCd=community","GIF그렇다고믿습니다!저는공대출신인지라."
"160","강서갑 강선우 트윗(feat.한정애 의원님)","2553","https://www.clien.net/service/board/park/14746642?od=T31&po=5&category=&groupCd=community","늘말하지만제가할수있는건홍보뿐다국회로~"
"161","텔레그램 사용법.jpg","4015","https://www.clien.net/service/board/park/14746641?od=T31&po=5&category=&groupCd=community","pixiv긁어오기정말인가요오타쿠님들?"
"162","다래끼 짜는거 엄청 아프네요","1564","https://www.clien.net/service/board/park/14746640?od=T31&po=5&category=&groupCd=community","약먹을래절개할래물어볼깨처음에는약먹는다고했다가왠지쫄보인것같아서절개를선택했습니다.1.안약을넣습니다.2.뭔가로콱잡습니다.아픕니다??3.뭔가로아프게합니다??아악이런느낌?4.사정없이아픕니다.나이들어서소리는못내겠고양주먹쥐고한일분참았네요.5.괜히했나후회하는데끝납니다.거즈를서너번갈고빛쬐주고온찜질했네요.피가아주철철이네요..무섭다..그리고약과안약받았네요.안과선생님이옆에하나더있다고그건다음에또나면보자고하십니다.선생님..왠지우리와이프처럼짜는거좋아하시는것같네요..?지금은피눈물상태라서오른쪽눈이뿌옇게보이는데비비지도못하고있네요."
"163","1종 대형면허 취득절차 질문합니다.","120","https://www.clien.net/service/board/kin/14746639?od=T31&po=5&category=&groupCd=community","현재2종보통면허를가지고있습니다.1.운전경력(면허보유)1년이상이라건데1종보통만해당인가요?아님2종도상관없나요?2.필기시험의경우재응시해야하나요?시험은1종보통/2종보통필기시험과동일한문제인가요?3.도로주행없이장내만보면된다던데맞나요?"
"164","동물의 숲(Animal Crossing) 대신 얼터너티브x크로스오버(Alternative x CrossOver)","1232","https://www.clien.net/service/board/park/14746638?od=T31&po=5&category=&groupCd=community","우선제목으로낚시를드려서죄송한사과를드립니다.91년시애틀밴드/너바나,펄점,사운드가든,앨리스인체인스,STP등/가대박을치면서얼터너티브락이라는용어가정리되었습니다.그런데위밴드를보면각각사운드의뿌리가다다릅니다.펑크,아메리칸루트락,헤비메탈등...얼터너티브락이이전의모던락을모두수용한형태로정리되다보니,다른장르와크로스오버가많이나오기도하는데요.(돌아가신투팍아재도락앤롤명예의전당에헌액되었잖아요)최근얼터너티브라디오방송국에서많이들리는크로스오버곡들을몇가지소개하겠습니다.Ashe-MoralOfTheStoryAshe는일렉트로팝/인디포크락을주장르로하는젊은여자가수인데요.MoralOfTheStory는2019년1월에나온곡이지만,빌보드Hot100(싱글차트)에는상당히시간이지난후진입했습니다.넷플릭스의ToAlltheBoys:P.S.IStillLoveYou에주제가로쓰이면서상승세를얻었습니다.2018년이혼후자료를정리하면서(93년생인데...)이곡을쓰기시작했습니다.이노래는일종의치유곡으로작곡했다네요.이번주빌보드얼터너티브송차트에는39위로올라왔습니다.(첫진입)PostMalone-Circle워낙유명한래퍼이기때문에소개는생략하겠습니다.PostMalone은락음악가들과협업을몇번했는데요,최근에오지오스본할배와TakeWhatYouWant곡으로빌보드Hot1008위를기록했었죠.Circle은적당히랩과얼터너티브락에서절충점을찾은듣기좋은노래로,이미2019년에빌보드Hot1001위기록했었습니다.최근빌보드얼터너티브송차트에올라왔고,이번주27위를기록하고있습니다.MachineGunKelly-whyareyouhereMachineGunKelly도이미유명한래퍼인데요.빌보드Hot100에4위를했던BadThings같은경우,텍사스오스틴출신얼터너티브락밴드Fastball의OutofMyHead를샘플링하기도했었습니다.(공동작곡가로올라감)이전곡인IThinkI'mOkay과비슷하게,상당히얼터너티브락스러운사운드를들려줍니다.해당곡은아직차트에올라가지는않았는데,최근라디오에서많이들리는것으로보아서는곧차트에진입할것같습니다.그리고제가공연장에서본적이있는데,MachineGunKelly는키가엄청크고말랐습니다.완전위너입니다.(190cm넘는데요)"
"165","람보르기니 오픈카 드리프트.gif","4274","https://www.clien.net/service/board/park/14746637?od=T31&po=5&category=&groupCd=community","GIF차잘나가네요"
"166","출근할때 호드 티셔츠 입고 출근합니다","1019","https://www.clien.net/service/board/park/14746636?od=T31&po=5&category=&groupCd=community","정확히는셔츠안에호드티셔츠입습니다집에호드티셔츠가3장있는데하나는걸레용하나는운동용하나는출근용입니다가장더럽고힘들때만입습니다"
"167","식탁의자 등받이에서 못이 튀어 나왔는데 무상AS 해줄까요","106","https://www.clien.net/service/board/kin/14746635?od=T31&po=5&category=&groupCd=community","국내메이저가구업체식탁의자를2년3개월전쯤에구입해서쓰고있는데작년초부터뒤로기대면뭔가뾰족한게등을찌르는느낌이들었는데이게몇일전에는뒤로기대면못같은게등받이가죽을뚫고나와등을찌릅니다무상1년AS는끝난상태로이걸제품하자로무상AS요청하면진상소리들을까요?"
"168","미국 군용 드론.gif","5645","https://www.clien.net/service/board/park/14746634?od=T31&po=5&category=&groupCd=community","GIFGIFGIFGIFGIFGIFㄷㄷㄷ"
"169","남아도는 라유를 처리하는 방법","2941","https://www.clien.net/service/board/park/14746633?od=T31&po=5&category=&groupCd=community","1.마파두부.마파두부는한국인에게익숙하면서도은근히두반장과라유를많이써서집에남아도는라유처리에좋습니다.2.야채,마늘,울금,산초등을라유로로볶습니다.그러면보관도오래되고단독으로먹어도,어디에넣어도자연스러운만능반찬이됩니다.취향에따라고기,굴소스,양파,고추등도넣을수있습니다."
"170","권영진 '신천지 교인도 긴급생계지원 대상 포함'","3056","https://www.clien.net/service/board/park/14746632?od=T31&po=5&category=&groupCd=community","(서울·대구=뉴스1)정재민기자,김도엽기자,남승렬기자=권영진대구시장이신종코로나바이러스감염증(코로나19)관련긴급생계지원대상에신천지예수교증거장막성전(신천지)교인도포함된다고밝혔다.권시장은23일오전10시30분대구시청에서열린코로나19정례브리핑에서신천지인지아닌지와관계가있는것이아니고입원중이거나자가격리상태에서2주를유지한경우정부기준으로지급하게돼있다고말했다.이어신천지라고해서특별하게지원하고안하고하는기준은없다고덧붙였다.가짜뉴스이길바랐으나............가짜뉴스가아니었네요.........."
"171","'일부' 개신교회 예배 강행이유 이게 가장 크다 봅니다","1263","https://www.clien.net/service/board/park/14746631?od=T31&po=5&category=&groupCd=community","안녕하세요.지금정권이워낙에아니꼽고나라망한다공산당정권그러니말을안듣는거죠간단히말해문재인싫어서죠.그'일부'개신교회들이예수믿어서집회,예배한다고보시면상당히오해입니다이숭마니꽁무니좇는자들의당,초이태미니집,초이순시리,ㄹ해쪼다나쫓아다니는당이집권했다면냉큼바로예배,집회무기한정지했을거에요.이런자들은승마니정신을받드는자들이지예수쫓아다니는자들이아니에요지금도'일부'개신교회를예수추종자라생각하시면오산입니다...예수는명분에불과하죠."
"172","내일이 김경수지사 항소심 첫 공판일 이네요","793","https://www.clien.net/service/board/park/14746629?od=T31&po=5&category=&groupCd=community","재판부가교체되긴했지만전재판부가빅똥을싸지르고간상황이라.....지켜봐야겠네요.시연회를봤다고확정짓고나간상태라서......심히걱정되네요"
"173","제가 돈이 많다면 교회에 헌금 지원해주고 싶네요.","815","https://www.clien.net/service/board/park/14746627?od=T31&po=5&category=&groupCd=community","2주치헌금내줄터이니예배보지마라.하면........70%는예배안보겠죠?"
"174","그 요가학원도 체인점 같던데..","1833","https://www.clien.net/service/board/park/14746624?od=T31&po=5&category=&groupCd=community","체인점이저러면본사는뭐어떻게해야할지감도안오네여-ㅅ-)ㄸ사과문써도잘먹힐지의문이고..-.-);;"
"175","동숲 논란은 솔직히 어리둥절이죠","3174","https://www.clien.net/service/board/park/14746623?od=T31&po=5&category=&groupCd=community","니콘,캐논,소니DSLR반응와사진정말잘찍으시네요같은모델쓰시다니반갑네요기타질문사항소니이어폰반응구매할까고민중인데성능어떤가요?에어팟프로랑비교해서어떤가요?에어팟프로보다좋습니다신모델나왔다니사야겠네요등등소니모델하는아이유반응존예!아이유랑같은제품써야죠ㅎㅎ등등링피트반응아어디서구하죠ㅠㅠ저도하고있는데운동잘되네요ㅎㅎ등등포켓몬반응새로나온거재밌네요타노스당했어도DLC로라도풀어서다행이네요게임보이로오랜만에하는데좋네요등등동숲반응토왜네요고작게임에나라팔아먹나요눈치챙겨야지왜글을쓰나요노노재팬이후로취미영역의소비에는문제없다는반응이었는데이상하리만치동숲에만엄격한게이상하다싶습니다.대중성있는일본제품은괜찮고매니아층용일본제품은안되는걸까요?콘솔유저들토왜만들어서뭐가이득인가요.대부분콘솔유저들이본인취미영역인게임은어쩔수없이사도다른일제들은불매잘하는사람들일텐데요.콘솔유저들전부불매운동포기시키려는걸까요?솔직히순수한불매운동지지로안보입니다."
"176","야구 응원용품에서 발암물질 검출.jpg","2867","https://www.clien.net/service/board/park/14746622?od=T31&po=5&category=&groupCd=community","야구를못해서암걸리는게아니었어요!"
"177","라면은 적힌대로만 끓여도 맛있네요","867","https://www.clien.net/service/board/park/14746621?od=T31&po=5&category=&groupCd=community","집구석에머가남았을까보다굴짬봉있길래딱하라는대로물넣고끼리니맛있내요.라면만큼간편한음식은본적이없네요"
"178","기생충 해외 한정판 블루레이 왔네요.","1097","https://www.clien.net/service/board/park/14746620?od=T31&po=5&category=&groupCd=community","커버디자인이예뻐서구매하고깜빡있었고있다오늘보니와있네요.언어는몰라도영화는한국영화라알아들을수있어참다행이네요."
"179","지방자치단체에서 밤에 벚꽃을 다 털어버리는 것은 어떨까요.","1237","https://www.clien.net/service/board/park/14746618?od=T31&po=5&category=&groupCd=community","남부지역은벚꽃을비롯한봄꽃들이다피어났고,서서히중부지역으로봄철분위기가확대되고있네요.진해군항제같은벚꽃축제를안한다고해도,나무마다벚꽃이피어있는것은현실이니주말마다많은사람들이모일것같습니다.개인소유지의나무는어쩔수없지만,자치단체에서관할하는도로변의벚꽃같은꽃나무들은밤에주기적으로털어버리는것은어떨까요?시설관리공단같은곳에서넓은지역을감당할여력이안되는곳은국가에서공공인력을단기간채용해서매일밤마다작업한다면...낮에햇볕이들면또꽃이필테니,노력에비해큰효과가없을듯싶기도하고.이런저런것을다떠나서,너무상막한생각이긴하겠네요.점심먹고잠시뇌내망상이었습니다."
"180","저는 사재기가 안일어나는 이유가","1803","https://www.clien.net/service/board/park/14746617?od=T31&po=5&category=&groupCd=community","투명한정부의정보공개.(내가뽑은)높아진교육수준.(시민의식)빠른통신.(정보력)이런이유로봤거든요.그리고자랑스럽구요.택배기사님들노고를당연히알고있습니다만.사재기가없는게빠른배송때문에그렇다고몰고있는느낌이있어서조금왜곡되는느낌이네요...사스대처를김치가했다처럼..."
"181","점심은 든든하게 고기로","253","https://www.clien.net/service/board/image/14746616?od=T31&po=6&category=&groupCd=community","이런폭락장에서는든든한게먹고뚝심으로버텨야죠.T.T인피니티워도아니고주식평가액절반이사라지고있답니다.이또한지나가리..."
"182","후베이성 인구수","4337","https://www.clien.net/service/board/park/14746615?od=T31&po=6&category=&groupCd=community","뉴스에서맨날무슨시골시장만보여주고그러니까몰랐는데한국보다인구수가많네요.ㅎㄷㄷ"
"183","아이를 싫어하는 사람이...","1159","https://www.clien.net/service/board/park/14746614?od=T31&po=6&category=&groupCd=community","아이를기르고싶고...다른아이와부모의관계를보며부러우면...결혼위기가다가온거겠죠?요며칠그런마음이강하게들어상당히두렵습니다..."
"184","홍준표는 다크나이트가 확실합니다.","1646","https://www.clien.net/service/board/park/14746613?od=T31&po=6&category=&groupCd=community","홍준표왜나까지싸잡아비난..오늘부터조선일보절독https://news.v.daum.net/v/20200323073505693그동안민주진보진영이열심히해오던안티조선운동에동참ㄷㄷㄷ홍크나이트니뮤ㅠㅠㅠㅠ"
"185","권영진 22일 브리핑 놀랍네요 (feat. 교회임대료 지원)","3430","https://www.clien.net/service/board/park/14746609?od=T31&po=6&category=&groupCd=community","34분부터들어보시면교회임대료지원방안찾아보겠다고하네요ㅋㅋㅋㅋ교회들이자기건물이아니라서예배를계속하는거같다그러니교회임대료지원방안을찾아보겠다이런소리를하는군요진짜대단합니다"
"186","11년만에 글3개 쓰고 3번째 글이 긴급 코로나19검사 요청글이라니","1152","https://www.clien.net/service/board/park/14746608?od=T31&po=6&category=&groupCd=community","지켜보고싶어지네요.https://www.clien.net/service/popup/userInfo/basic/unkarmaCLIEN글지워서2개"
"187","(왜국언론주의) “韓 -1%” 외환위기 이후 처음으로 역성장&nbsp;","2161","https://www.clien.net/service/board/park/14746607?od=T31&po=6&category=&groupCd=community","http://www.donga.com/news/article/all/20200322/100293271/1동아에서wsj인용한기사인데.카톡방에서이야기하다기사일러스트레이크가기분나쁘다는의견이있었습니다..써도왜구지저런왜국판화를댕겨서즐겨쓰는걸까요?절레절레.."
"188","폭식투쟁이니 일베충이니 얼마나 심한욕인지 몰라서 이러십니까?","807","https://www.clien.net/service/board/park/14746604?od=T31&po=6&category=&groupCd=community","자식잃은부모들이세상어디에서도자기말을안들어줘서목숨을걸고단식하는걸앞에서조롱하면서처먹은게폭식투쟁입니다.미성년자강간모의나하는것들이모인곳이일베이고거기서활동하는게일베충입니다.같은클리앙인들끼리동숲글오렸다고동숲글퍼왔다고일베충이니폭식투쟁이니그게할소립니까?세상에해도될말이있고안될말이있는겁니다.이걸로저도이제그만하겠습니다.저도잘한거없는거압니다근데저딴소리한사람들도잘한거없습니다.사죄의뜻으로탈퇴할까하다가일단1달간활동중단하겠습니다.죄송합니다."
"189","(WOW) 10년 넘게 주연이지만 그 누구도 정확한 이름을 모른다는 그분","1936","https://www.clien.net/service/board/park/14746602?od=T31&po=6&category=&groupCd=community","애꾸로캐릭터성을강화했어도항상미미한존재감공기갑로스마르테론섭정님ㅠㅠ맛점하러갑니다다들맛점하세용!"
"190","나는 쯔위라고해","3497","https://www.clien.net/service/board/park/14746601?od=T31&po=6&category=&groupCd=community","GIF쯔위첫번째사진집구매했습니다.티저만봐도이쁨이!!"
"191","디비전2를 하는데 뭔가 좀 애매하네요...","863","https://www.clien.net/service/board/park/14746600?od=T31&po=6&category=&groupCd=community","2070s로4k잼나게돌리고있습니다.이시국이랑적당히맞는3000원겜이라서하고있는데당췌총질이라고하기난감하네요..나쁜놈하나에탄창하나를박아넣어야죽어요드르르르르르르르륵...하고도안죽어서탄창바꾸다총맞고...하는게이전보더랜드하고비슷한데거긴그래도괴물들이많아서총알때려박는게어색하진않았는데이건악당들이무슨터미네이터같아요...피한방울안나는건덤이고...누구말대로bb탄싸움인건지......재미가없진않는데왠지아쉽네요....헤드샷도없고.."
"192","요가 학원.......... 혀가 긴 것 같은데.. 직영점 아닌가요??","4037","https://www.clien.net/service/board/park/14746599?od=T31&po=6&category=&groupCd=community","아래글들을좀읽다보니,요가학원이프랜차이즈업체네요..https://www.clien.net/service/board/park/14746459CLIEN프랜차이즈본사쪽에서입장을요렇게내놨다는댓글이하나있던데..개인점주라고요........근데찾아보니이런게있네요..(출처:대한민국체육포털스포드림)직역점이5개....프랜차이즈업체가30개가넘는데,5개직영점을1년반사이에별도지점으로분리했다??팝콘좀튀겨볼까요???"
"193","제로콜라에 종이빨대 넣어보신분 계신가요?","150","https://www.clien.net/service/board/kin/14746598?od=T31&po=6&category=&groupCd=community","멘토스넣은것처럼막폭팔하던데-_-마우스패드다젖었네여-_-;;이유아는분혹시계시려나요?찾아보니저만그런건아닌거같던데;;"
"194","이 시간에 와우이야기라니.. 너무 하신거 아닙니까.","557","https://www.clien.net/service/board/park/14746597?od=T31&po=6&category=&groupCd=community","하고싶네요.하....아제로스ㅜㅜ"
"195","울산에 터미네이터 출현","3575","https://www.clien.net/service/board/park/14746596?od=T31&po=6&category=&groupCd=community","GIFGIFDoyouknowJohnConner?"
"196","갓본 - 이탈리아와 독일에 코로나 노하우 배우기로...","4004","https://www.clien.net/service/board/park/14746594?od=T31&po=6&category=&groupCd=community","일본외무성발표2020전범국동맹결성곧죽어도한국에게배운다소리는못하겠고....이탈리아독일은한국한테배우고있는데??"
"197","현장 예배나온 신도의 첫 마디","3381","https://www.clien.net/service/board/park/14746593?od=T31&po=6&category=&groupCd=community","민폐이기주의극혐.."
"198","하나투어 사태도 이번 요가학원 건도 그렇고","1631","https://www.clien.net/service/board/park/14746591?od=T31&po=6&category=&groupCd=community","이건진심으로자신들이다수의견이고자기말에동조하는사람들이대다수일거란생각이깔린거아닐까요그들끼리세상을보니그런거겠죠?네이버리플을여론이라철썩같이믿으며,대통령지지율을조작이라생각하는사람들이겠죠?무슨평행세계인가요..저런공지를내도공감하는고객들이더다수일거라믿는거맞죠?아니면단순히객기인건가요?"
"199","소니 강남서비스센터 철수하네요","2666","https://www.clien.net/service/board/park/14746590?od=T31&po=6&category=&groupCd=community","작년초에WI1000X구매하면서정품등록하느라가입해놨었는데오늘이메일와서강남에있는서비스센터를철수한다네요카메라시장침체랑불매운동이랑이것저것겹쳐서수지타산이안맞나봅니다."
"200","지금 보니 구미시장이 민주당 당선된게 어마어마해 보이네요","1163","https://www.clien.net/service/board/park/14746589?od=T31&po=6&category=&groupCd=community","그당시에도대단했지만요즘시국에다시보니더대단한일이아니었나합니다.21대총선관련지역구여론보니이번에최소구미(갑)한곳정도는선전할가능성도있어보이는데,이는박정희주의와박정희사상으로대표되는도시에서단체장선거를시작으로이제는무조건덮어놓고당만보고찍지않겠다는선택을구미시민들이하기시작한것입니다.물론아직도구미에서미래통합당의지지도는여전히높은수준이지만이만큼오는데참오랜시간이걸린만큼구미도조금씩바뀌고있으니대구와다른경북지역구도언젠가는바뀌지않을까하는자그마한희망한번가져봅니다."
"201","마인크래프트 - 국경없는 기자회 도서관.jpg","2071","https://www.clien.net/service/board/park/14746588?od=T31&po=6&category=&groupCd=community","이집트,멕시코,러시아,사우디,베트남5개국에서정부가접근금지한기사나정보를게시하는뉴스도서관이라고합니다.-ㅅ-)ㄷ"
"202","꽃 구경 나들이 부산 60대 남녀 확진..확진자와 접촉 추정","1986","https://www.clien.net/service/board/park/14746587?od=T31&po=6&category=&groupCd=community","...부산시역학조사결과두사람은지난18일전남구례군산수유마을에함께다녀온것으로확인됐다.이들은같은날산수유마을을다녀간경주지역35번확진자(60세·여성)와접촉해감염된것으로시보건당국은추정했다.구례군은산수유축제를취소했지만,이들은많은사람이모이는나들이장소에갔다가감염된것으로보인다...https://news.v.daum.net/v/20200323100107507?f=m(연합뉴스)===개방된외부공간에있다고하더라도감염우려가작은것이지,아예없는것은아닌것을보여주는사례인지도모르겠네요.마스크반드시착용하고,개인위생관리철저하게해야할것같습니다.더군다나지난주말에이동인파가많아..며칠후에다시환자수가급증하지는않을지우려스럽네요."
"203","둠 이너털 유툽 봤더니..","817","https://www.clien.net/service/board/park/14746586?od=T31&po=6&category=&groupCd=community","갑자기어지럽고빙빙도네요하는거랑보는거랑은역시다르네요아어지러워...조퇴해야겠어요"
"204","고대 교직원, 개인정보 이용 여학생 40명에게 '한눈에 반했다' 연락","3217","https://www.clien.net/service/board/park/14746585?od=T31&po=6&category=&groupCd=community","한국인학생은못하고중국인학생만찝쩍댄찐따..."
"205","민주 비례연합 힘겨루기가 갈등으로 가면 안됩니다","454","https://www.clien.net/service/board/park/14746584?od=T31&po=6&category=&groupCd=community","민주당이정봉주를이중당적으로징계하겠다는데확인해봐야할필요가있지만감정싸움으로가는건있어서는안된다고봅니다이해찬대표도합당은어렵지만연대는하겠다는다소우호적인태도를보이고있는데갑자기징계라....비례연합과정에서계속튀어나오는이름하나가있습니다.손혜원의원도실명비난을했고비례연합논의중이던하승수도그분이흑막이라고비난했죠.녹색당합류문제도매우이상하게돌아갔는데성소수자이유로합류거부를사무총장이표명한것도이례적이라고생각됩니다.녹색당을참여시킬의사가있었다면실무선에서하위순번커트하는정도로조정했어야죠.그리고바로사과및비례2명제안까지간거면큰실수를한거였고민주당내에서도조율안되는이견들이상위에서있다는거죠.지금까지는그러려니할수도있지만계속잡음이나불필요한갈등이발생한다면그책임지를분명하게들여다볼필요가있다고봅니다.논란은그만하고이대로서로상생했으면합니다."
"206","제가 집 구하는 기준 중 가장 중요한 기준은","859","https://www.clien.net/service/board/park/14746582?od=T31&po=6&category=&groupCd=community","평지에있어야한다는점입니다.예전에심한언덕이있는집에살았는데마트한번갔다올려면등산하는기분이고그렇다고당장필요한걸나중에모았다가살수도없고요.장점은다리근력은좋아지더군요."
"207","페이스북에서 유튜브 연결 어떻게 하나요?","59","https://www.clien.net/service/board/kin/14746580?od=T31&po=6&category=&groupCd=community","프로필누르고계정추가해서제유튜브이름을넣어도에러뜨고한글이어서그러나영어로계정변경해서시도해도원숭이뜨고youtube.com/제계정이름이렇게만뜨길래/channel/제계정절대값해서넣어봐도channel이라는계정명을가진엄한사람의유튜브가뜨고..도대체왜안되는지이유를모르겠어요..ㅠㅠ"
"208","뷰잉 서비스 종료?","124","https://www.clien.net/service/board/kin/14746579?od=T31&po=6&category=&groupCd=community","뷰잉서비스종료해도안드로이드셋탑박스기능은남아있어서티빙웨이브넷플릭스는볼수있는건가요?티비가해외직구라해당앱들이설치가안되서뷰잉으로티빙주로봤는데이거안되면보상신청을해야되나고민되네요"
"209","화웨이도 사진처리 전용 칩을 탑재할거란 썰이 있네요.","1029","https://www.clien.net/service/board/park/14746578?od=T31&po=6&category=&groupCd=community","https://twitter.com/ishanagarwal24/status/1241407606893080576칩이름말고는아직아무정보도알려진게없긴한데...XDFusionEngine이라는이름으로,구글비주얼코어처럼컴퓨테이셔널포토그라피전용칩셋을P40,P40Pro시리즈에탑재한다고합니다.그동안화웨이제품이센서크기에비해서몇몇상황에아쉬운사진을보여주는경우가있었는데...그게해결이될려나요"
"210","회사에서 텔레그램으로 메신져를 썼었는데...","1794","https://www.clien.net/service/board/park/14746577?od=T31&po=6&category=&groupCd=community","요즘텔레그램텔레그램이게마치불법온상지처럼보여져서...옮겨야할것같네요..요즘은다들슬랙쓰시나요?"
"211","외국언론연합이 한국어뉴스 사이트를 만들면 대박칠듯.","1489","https://www.clien.net/service/board/park/14746576?od=T31&po=7&category=&groupCd=community","어차피토착왜신들이대다수인기레기짓은뽀록났고모두가그대안을찾고있습니다.이럴때외국언론들이연합뉴스사이트를만들면신뢰도최고일테고광고수요도괜찮지싶고적어도국내독자들이몇천원수준의구독도상당할것같습니다.컨텐츠는자사의한국관련뉴스를번역해미국,유럽,남미지역섹션으로분류하면될것같고.시민들입장에서도공정한뉴스를소비할수있으니윈윈이지싶습니다."
"212","귀찮아서 메모 안 했는데 이제라도 해야 할지...","441","https://www.clien.net/service/board/park/14746575?od=T31&po=7&category=&groupCd=community","귀찮기도하고낙인찍는것같아지금까지메모를안하고지냈는데갈수록피아식별이어려워지네요.무시해야할글에도댓글을달고공감을주는실수를하게되네요.메모가왜필요한지알겠습니다...어쩌면잠시쉬어야할타임인지도.ㅎㅎ;"
"213","이정도는 돼야 고인물 아닙니까유","1893","https://www.clien.net/service/board/park/14746574?od=T31&po=7&category=&groupCd=community","이당시왜가입했는지는아마.그pdapmp뭐살까보다가여기까지왔던걸로기억하네유...ㄷㄷㄷ익뮤때문에왔던가..가ㅜㄹ가물..."
"214","극한직업: 중국 황제 편.jpg","5276","https://www.clien.net/service/board/park/14746571?od=T31&po=7&category=&groupCd=community","1일차:ㅎㅎㅎㅎㅎㅎㄹㄹ30일차:주...겨...줘..."
"215","부모님 컴퓨터 모니터 케이블을 새로 사려고 하는데요!","132","https://www.clien.net/service/board/kin/14746570?od=T31&po=7&category=&groupCd=community","안녕하세요!부모님컴퓨터에모니터케이블을바꿔드리려고하는데요!처음보는형태여서..어떤제품인지모르겠어요인터넷으로살건데뭐라고검색하면좋을까요ㅠㅠ"
"216","올림픽 보이콧 캐나다 -&gt;뉴질랜드-&gt;호주-&gt;영국-&gt;미국 일려나요?","1521","https://www.clien.net/service/board/park/14746567?od=T31&po=7&category=&groupCd=community","영연방다안가고...미국도보이콧하면...딱좋은데.."
"217","마리텔 주민등록번호 유출한 조영구.jpg","5777","https://www.clien.net/service/board/park/14746565?od=T31&po=7&category=&groupCd=community",""
"218","알뜰폰 번호는 그대로, 명의만 바꿀 수 있나요?","138","https://www.clien.net/service/board/kin/14746562?od=T31&po=7&category=&groupCd=community","제명의로된알뜰폰유심00번이있습니다.부모님이대신사용중이었는데,부모님본인명의가아니라불편했네요.그래서이걸해지하거나변경하여부모님명의로바꾸고싶은데,기존의번호가바뀌지않았으면합니다.방법이없을까요?"
"219","폴란드 정부, 아동들의 자가격리를 위해 마인크래프트 서버 개설","2289","https://www.clien.net/service/board/park/14746561?od=T31&po=7&category=&groupCd=community","https://www.gamespot.com/articles/poland-is-using-a-country-wide-minecraft-server-to/1100-6475061/신선한접근이네요ㅋㅋㅋ정부에서게임서버를열다니"
"220","무능한 정부가 수입한 코로나 사태라고 한 요가 학원 근황.jpg","4107","https://www.clien.net/service/board/park/14746559?od=T31&po=7&category=&groupCd=community","무능한정부가수입해오고신천지가유통한~이라고공지를대담히보내는저요가학원수준을보세요.사람들이엄청싫어하네요.최소한뭐가잘못된건지,자신이줏어들은게혹시정권교체를기도하는범죄집단인개xx당발찌라시때문이아닌지는확인하고살아야하는게인간의도리인데그냥택시기사들이주고받는카톡수준에머물고있는자들이많습니다."
"221","은근히 만능인 중국 소스","5224","https://www.clien.net/service/board/park/14746557?od=T31&po=7&category=&groupCd=community","일명노간마(라오칸마)소스.일종의고추기름입니다만거기에뼈육수나야채,견과류를넣은바리에이션등이있습니다.밥에비벼먹어도,요리만들때써도어지간하면어울리더군요.주로제가사용하는방법은반숙계란후라이얹은밥에저소스를뿌려비벼먹거나아니면라면에저걸살짝치는겁니다.단점은마트에거의안팔고인터넷이나중국식료품점가야겨우보이는정도?"
"222","N번방 기록 100% 확실하게 지우기","5004","https://www.clien.net/service/board/park/14746555?od=T31&po=7&category=&groupCd=community","해준다고광고때려놓고신청인들모집해서명단을경찰에넘겨주고싶네요.톱으로썰어죽여도아쉬운%×#@들."
"223","서양야동을 싫어하는 이유.txt","5414","https://www.clien.net/service/board/park/14746553?od=T31&po=7&category=&groupCd=community","그...보이스랑표정이다들너무전투적이란말이죠.ex:오쉣!!오마이갓!!!홀리쉿!!!!!오쀀!!!!!!!"
"224","클량 뉴비.인증","1931","https://www.clien.net/service/board/park/14746551?od=T31&po=7&category=&groupCd=community","제목수정:클량고인물뉴비.인증어느덧새소게작성가능권에들어왔네요.(소식이느린제가새소식올릴일은없겠지만^^)2009년에왜가입했는지는기억이안나요.2011년이었나노트1언팩하러IFA가서소비자반응보느라고그때부터자주왔던것같아요.(첫글도2011년이네요.)냥당,육아당에서나름재미있게지내던시절도있었고대부분눈팅이나자잘한일상이었네요.(게시물1000개넘는게...1년에100개씩이나내가?싶지만...근데내가쓴글이력보니별별얘길ㅎㅎㅎ)써놓은글보니10년동안내삶에있었던일들을기억할수있어서좋네요.10년어치치고는약소한내역이지만,앞으로도가끔뻘글남기면10년후에또뭔가추억거리가되겠지요.그럼모두건강하세요~"
"225","시중 마트에서도 마스크 쫌 풀렸나 봅니다?","2346","https://www.clien.net/service/board/park/14746550?od=T31&po=7&category=&groupCd=community","와이프가방금카톡에서집앞대기엄슈퍼마켓에서마스크장당2500원주고5장샀다네요?가격이쫌사악하지만..그래도물량이쫌풀렸나봅니다?시골동네까지온거보면..이제스트레스안받을까요?ㅠㅠ"
"226","갑자기 생각나는 명텐도..","1094","https://www.clien.net/service/board/park/14746549?od=T31&po=7&category=&groupCd=community","https://gamemook.com/m/178그래도어스토니시아스토리R로흥할뻔했는데.."
"227","얼라는 명예가 없다고...","533","https://www.clien.net/service/board/park/14746548?od=T31&po=7&category=&groupCd=community","하지만호드는존재가없죠.호드이즈나띵!"
"228","일관된 증언은 DNA보다 강력한 증거입니다","1332","https://www.clien.net/service/board/park/14746547?od=T31&po=7&category=&groupCd=community","1.A는이씨가자신은강간했다며신고.질내사정을하였다고주장2.이씨는이를부인함3.DNA검사결과이씨의유전자미검출4.재판부는사정시간이짧으면유전자가미검출될수있고다른증언이일관된다는이유로2년6월실형이럴꺼성범죄재판은왜합니까?그냥피해자가주장하면그대로인정할꺼판사는형량만정하면되지요.https://mobile.newsis.com/view.html?ar_id=NISX20200320_0000964281지인인A씨를강간한혐의로지난해10월재판에넘겨졌다.이씨는A씨와함께간노래방에서노래를부르다갑자기A씨를소파에넘어뜨린뒤A씨의바지를내리는등성관계를시도한혐의를받았다.그런데A씨는당시이씨가사정을했다고주장했지만,실제감정에서는이씨의정액DNA가검출되지않은것으로전해졌다."
"229","ASUS AC68A 공유기 QoS 설정 방법 질문 드립니다.","77","https://www.clien.net/service/board/kin/14746546?od=T31&po=7&category=&groupCd=community","현재U+UHD셋탑과+기가라이트(500Mb/s)인터넷상품을사용하고있습니다.궁금한게평소UHD셋탑으로TV를보고있는상태에서컴퓨터로FTP나토렌트다운로드시대역폭이확커져버리면거실에서TV보고있던UHD셋탑이뚝뚝끊기면서제대로볼수없는상황이발생합니다.하고싶은건컴퓨터에서FTP든토렌트들데이터를얼마나사용하던지상관없이UHD셋탑의대역폭을최소한보장해줘서TV는끊기지않도록설정이가능할까요?설정을찾아보니대역폭리미터설정으로특정값을못넘어가게끔제약은가능하던데이래버리면평소에TV를보지않더라도컴퓨터의대역폭에제한을걸어버리기때문에마치평소인터넷을족쇄차고사용해야하는...기가라이트를쓰는의미가확줄어버리는데....UHD셋탑의대역폭을보장해주며서,그남는대역폭을알아서끌어다사용하는셋팅이가능한건지QoS설정을어떻게해야할지잘몰라서질문드립니다.컴퓨터로뭘할때마다,와이파이님게아~티비끊기잖아~라고안혼날수있게ASUSAC68A공유기QoS설정하는방법좀조언부탁드립니다."
"230","누가 사준다면) 그랜저 vs K7","3813","https://www.clien.net/service/board/park/14746545?od=T31&po=7&category=&groupCd=community","되팔이안되고실제타고다니는용으로누가사준다면어떤거고르실건가요?1.그랜저VS2.K7https://www.kia.com/content/dam/kwcms/kr/ko/images/microsite/k7/pc/ms_k7_dm5.jpgclass=fr-ficfr-dii>저는개인적으론k7이좋아보이더군요.그랜저는실물로보니동글동글ㅎㅎ"
"231","일본 불매운동 기분좋은 소식 하나 보고 가세요..","2424","https://www.clien.net/service/board/park/14746542?od=T31&po=7&category=&groupCd=community","주말간동숲으로인해서로기분도상하고괜히힘빠지고짜증날텐데소니강남서비스센터가문닫는다고하네요...이러니저러니해도불매운동은착실하게진행되고있는것같습니다."
"232","라이젠 4500u 노트북.. 3400g 데스크탑의 성능 나올까요?","158","https://www.clien.net/service/board/kin/14746541?od=T31&po=7&category=&groupCd=community","노트북쿨러소리가너무시끄러워조용한데스크탑을구매했습니다.CPU와시스템팬조용한걸달아놓으니소음은아주만족스럽군요.CPU는AMD3400g에램16기가입니다.QHD+FHD모니터듀얼로사용하고제가하는작업에는차고넘칠정도의성능으로아주쾌적합니다..근데,오랫동안노트북을사용하다보니다시노트북이갖고싶네요.4500u나올떄까지기다려보자생각하고있는데,4500u정도의노트북이면3400g데스크탑성능이나와줄까요?"
"233","oh japan man 난 니가 미워졌어","941","https://www.clien.net/service/board/park/14746540?od=T31&po=7&category=&groupCd=community","일본인의귀에는어젯밤엔이오재팬맨으로들려나름일본에서유명한노래입니다.근데.바로이어지는뒤의가사는몰랐나봅니다..."
"234","코로나 19에 영향 받는 로고들.jpg","5162","https://www.clien.net/service/board/park/14746539?od=T31&po=7&category=&groupCd=community",""
"235","올림픽대로 무단횡단 참변..차에 치여 튕겼다 깔려 사망","4272","https://www.clien.net/service/board/park/14746538?od=T31&po=7&category=&groupCd=community","20대남성이올림픽대로에서무단횡단을하다차량에2차례치여사망한사고가발생했다.23일경찰과소방당국에따르면전날오후9시17분께서울올림픽대로동작구지점왕복8차로를무단횡단하던20대후반남성이주행중이던차량2대에잇따라치여현장에서사망했다.이남성은잠실방면으로주행중이던차량에치여중앙분리대를넘어반대편차로로튕겨나갔고,이어반대방향에서달려오던차량이밟고지나간것으로조사됐다.https://news.v.daum.net/v/20200323102917205아이고..이건처음친차주과실이더크게나오려나요?"
"236","3월23일 9시 기준 국가별 코로나19 발생 현황","1280","https://www.clien.net/service/board/park/14746537?od=T31&po=7&category=&groupCd=community","주말동안미국도급격하게증가했네요~출처:네이버지식백과"
"237","탄핵정국때 두둠칫 했던 애들 많이 컸네요 ㄷㄷㄷ","3099","https://www.clien.net/service/board/park/14746536?od=T31&po=7&category=&groupCd=community","GIF2017년에벌어진일이라3년됐는데엄마는그대로인데아빠만좀달라졌군요..ㅠㅠ보행기타던애는엄청컸구요ㄷㄷㄷ"
"238","하아... 오전에 고속버스 글 썼었습니다.","1649","https://www.clien.net/service/board/park/14746535?od=T31&po=7&category=&groupCd=community","제가41번...앞에37번도오늘보니까예매가되어있었다구요.제가버스오자마자앉아서있으니까뒤늦게오신그분은38번에앉으시더군요.아무래도의자젖히면걸릴테니...그런데40번에앉아계시던분이랑동행인지40번분은39번에앉아서둘에서이야기를하시네요.그것까진뭐...저도이어폰끼고노래들으니안들려서상관없었습니다.헌데언제쯤부턴가...마스크를벗고서이야기를하기시작하네요.휴게소에서뭐사온거먹느라그렇겠지싶었지만...다먹고도계속...그렇게둘이서뭔음악이야기를하는지이어폰을한쪽씩끼우고해드뱅잉을하면서신나게이야기를합니다...그래요.내앞에서그러는건아니니까...별피해는없을거라고생각하고차창밖을보고있는데...갑자기두분다37,38번으로자리옮겨서만담을시작하시네요.마스크없이...둘이서코로나환자라치더라도저한텐별피해가없겠죠?전마스크끼고있으니...하아..."
"239","봉쇄령 내려진 뉴욕시 거리 상황.tube","3176","https://www.clien.net/service/board/park/14746534?od=T31&po=7&category=&groupCd=community","미국현지시각오늘저녁부로뉴욕의봉쇄령인PAUSE가시행됬습니다.시행되기직전거리영상이네요.교통량이랑유동인구는확실히급감한것같습니다만분위기자체는차분한상태인것같습니다."
"240","자유당의 착각.. 찬스인줄 알았는데.jpg","5184","https://www.clien.net/service/board/park/14746533?od=T31&po=7&category=&groupCd=community","자유당:대략난감....그건그렇고..리얼미터..일간지지율변화가너무튀네요..들쑥날쑥../N<U+2622><U+FE0F>JAPAN<U+0001F631>"
"241","봉쇄령 내려진 뉴욕시 거리 상황.tube","3178","https://www.clien.net/service/board/park/14746534?od=T31&po=8&category=&groupCd=community","미국현지시각오늘저녁부로뉴욕의봉쇄령인PAUSE가시행됬습니다.시행되기직전거리영상이네요.교통량이랑유동인구는확실히급감한것같습니다만분위기자체는차분한상태인것같습니다."
"242","자유당의 착각.. 찬스인줄 알았는데.jpg","5185","https://www.clien.net/service/board/park/14746533?od=T31&po=8&category=&groupCd=community","자유당:대략난감....그건그렇고..리얼미터..일간지지율변화가너무튀네요..들쑥날쑥../N<U+2622><U+FE0F>JAPAN<U+0001F631>"
"243","커클랜드 오메가 너무크네요 ㅠ ㅠ","1039","https://www.clien.net/service/board/park/14746532?od=T31&po=8&category=&groupCd=community","싸길래사서먹긴하는데약이커서먹고나면식도가꿀렁꿀렁하네요얼라이브비타민도큰거같고미국인들은식도크기가틀린지ㅋㅋ약도4개남았는데다먹으면다른걸사야할듯요"
"244","일본불매! \(ㅇㅍㅇ)/ 애니삭제로 시작하세요!","633","https://www.clien.net/service/board/park/14746531?od=T31&po=8&category=&groupCd=community","우라나라에서사용되는영상은대부분은일본영상입니다.싹다지우세요\(ㅇㅁㅇ)/일본영상왜봅니까클린한대한민국\(ㅇㅍㅇ)/일본불매의시작애니삭제!여러분들과함께\(ㅇㅁㅇ)/클린하게만들어갑시다."
"245","사랑제일교회 예배서 즙짠 김문순대...외국 기자 '광기 장면 많아'","2169","https://www.clien.net/service/board/park/14746530?od=T31&po=8&category=&groupCd=community","사랑제일교회예배에참석한김문수전경기도지사(사진=유튜브‘너알아TV’캡처)-사진=영국출신프리랜서기자라파엘라시드트위터사랑제일교회에서예배현장을지켜본영국출신프리랜서기자라파엘라시드는트위터를통해김전지사의등장을동영상으로전하며“보수정치인과김전지사는종교모임에대한금지에도교회사역에합류했다”고했다.또김전지사가다른교인들과나란히앉아두손을들고하늘을바라보는등의모습을공개하며“오늘예배를강행하기로한서울의같은교회에서완전한광기의장면이더많이나온다.대부분사람은나이가특정하다”고설명했다.https://www.edaily.co.kr/news/read?newsId=02177926625706272&amp;mediaCodeNo=257코로나19확산우려로정부가예배중단을권고했음에도전광훈(64·구속)한국기독교총연합회(한기총)목사가이끄는문재인하야범국민투쟁본부(범투본)은지난22일서울성북구사랑제일교회에서‘주일연합예배’를강행했다.해당예배에는김문수전경기도지사가참석해눈길을끌었다.마스크를벗고앞에나서마이크를잡은그는고개를숙이며한참말문을열지못하다“하나님께서우리와함께하심을,(전광훈)목사님께서우리와함께하심을믿는다”며“전목사님이계셨더라면우리는이렇게아프지않았을것이다.지금이자리에오셔야할분은제가아니라전목사님이고,우리는그분을기다린다”고말했다.(후략)------그와중에국격이상승중이네요ㄷㄷ"
"246","우리은행 추천직원","479","https://www.clien.net/service/board/park/14746529?od=T31&po=8&category=&groupCd=community","우리은행앱설치중에추천직원란이있네요~댓글남겨주시면등록해드릴게요~"
"247","[속보] 수원시 코로나19 확진자 1명 추가… 프랑스 다녀온 곡성동 거주 20대","4559","https://www.clien.net/service/board/park/14746528?od=T31&po=8&category=&groupCd=community",""
"248","동숲 논란을 간단하게 정리해보려는 뻘글입니다...","1028","https://www.clien.net/service/board/park/14746527?od=T31&po=8&category=&groupCd=community","노재팬중이신콘솔게이머들은사서즐겨도됩니다눈치만챙기면됩니다...눈치없이몇년전모공처럼행동하시면예스재팬하는사람으로보입니다네모공변했어요..."
"249","총선 전 복습","757","https://www.clien.net/service/board/park/14746526?od=T31&po=8&category=&groupCd=community","FTA날치기의원"
"250","일본불매! \(ㅇㅍㅇ)/ 야동삭제로 시작하세요!","973","https://www.clien.net/service/board/park/14746525?od=T31&po=8&category=&groupCd=community","우라나라에서사용되는영상은대부분은일본영상입니다.싹다지우세요\(ㅇㅁㅇ)/일본영상왜봅니까클린한대한민국\(ㅇㅍㅇ)/일본불매의시작야동삭제!여러분들과함께\(ㅇㅁㅇ)/클린하게만들어갑시다."
"251","두바이 정부의 코로나 권고사항을 조롱한 유럽인 체포","1906","https://www.clien.net/service/board/park/14746523?od=T31&po=8&category=&groupCd=community","UAE정부는코로나확산을방지하기위해사람이많이모이는공공장소폐쇄조치단행.여기에는해수욕장,나이트클럽,관광명소등이포함되어있습니다.한유럽청년이온라인에해변에설치한안내표지판영상을올리며이런정부의조치에대한조롱을했나봅니다.지역경찰이바로체포했다고하네요."
"252","김종배의 시선집중 총선 천기누설 2탄","1250","https://www.clien.net/service/board/park/14746522?od=T31&po=8&category=&groupCd=community","2탄2탄플러스1탄내용도매우훌륭하니못보신분들은꼭보시길바랍니다.1탄"
"253","부대끼러 가는 곳.jpg","3519","https://www.clien.net/service/board/park/14746517?od=T31&po=8&category=&groupCd=community","전클럽안(못)가봐서몰라요....오히려거리두고차분히놀면좋은거아닌가요?제가아싸라.이런문화를잘몰라요ㅠ"
"254","남자라면 호드라 들었는데 말입니다.","751","https://www.clien.net/service/board/park/14746516?od=T31&po=8&category=&groupCd=community","실바나스의최근근황은호드와관련이없음을알려드립니다.=3"
"255","와 진짜 보이콧 할줄은","1405","https://www.clien.net/service/board/park/14746515?od=T31&po=8&category=&groupCd=community","캐나다에이어호주영국도살살눈치보고있고이태리도사실상보이콧할것같고그냥망했네요트럼프도연기운운하는것보니이런분위기면안할것같고우리도손절하고중국동남아몇개국끼리하는게나을듯사실상취소네요연기는못할테고"
"256","마스크를 종일 쓰니 안좋은점... 중에 하나...","977","https://www.clien.net/service/board/park/14746514?od=T31&po=8&category=&groupCd=community","저는면도를일주일에한번할까말까한사람인데....코로나이후로일주일에한두번은해야하네용..ㅜㅜ싸구려면도기사면반년은썼는데자주하다보니따꼼거려서좋은거사보려고인터넷뒤적거리고있습니다...생전천원넘는면도기를사야할날이오다닝..."
"257","엄청 박쎄 보이는 스커트 ㅊㅈ.gif","6949","https://www.clien.net/service/board/park/14746513?od=T31&po=8&category=&groupCd=community","GIF전불가능ㅎㄸ"
"258","명랑 핫도그 최애메뉴!","2196","https://www.clien.net/service/board/park/14746511?od=T31&po=8&category=&groupCd=community","추천1.따따블2.통모짜3.모짜체다비추숯불갈비맛근데명랑핫도그메뉴많아보였는데이렇게놓고보니까그렇게많지도않군요.고구마(감자)통모짜이건고구마좋아해서되게기대했는데뭔가호불호있는맛이네요.점심맛나게드세용~!"
"259","안철수 근황..... n번장 이슈 승차하심....","4538","https://www.clien.net/service/board/park/14746510?od=T31&po=8&category=&groupCd=community","http://news.naver.com/main/read.nhn?mode=LSD&amp;mid=sec&amp;sid1=001&amp;oid=001&amp;aid=0011491050ㄴ이버에ㅇ철수이슈가겹쳐서불편한기사긴합니다만.....아래댓글이왜저렇게되었는지모르겠네요.안철수지지자가저렇게많았나요?------------------------------------------------------------중략------------------------------------------------------------이상하네요.....이상하다..."
"260","무능한 정부가 수입하고 신천지가 퍼뜨린 코로나 사태 라는 말","1336","https://www.clien.net/service/board/park/14746509?od=T31&po=8&category=&groupCd=community","무능한정부가수입하고신천지가유통한코로나사태때문에2주더쉽니다이번에한요가학원에서회원들에게보낸DM입니다.그런데체육계(?)쪽에일하는사람들은대부분이렇게생각하는거같아요.제가다니던헬스장관장님도인스타열심히하고나름헬스업계에서유명한분인데,2월달엔중국입국안막는다고문재앙개새끼니어쩌구저쩌구SNS에몇번올리더니지금도정부가초기대응잘못해서키워놓고2주쉬라는것도정부가일하는척하면서총선용퍼포먼스하는거라고막글올리네요.개인적으로굉장히좋게봤던분인데정나미가뚝떨어져서보기도싫으네요.근데동조하는댓글도많이달려서더화가나요.지금헬스장만힘든거아니고모두가힘든건데...그리고지금2주잘극복해서빨리종식시켜야모두가사는건데왜저러는지모르겠네요.너무화가납니다."
"261","탈모가 뭐 어때서 그래요","1775","https://www.clien.net/service/board/park/14746508?od=T31&po=8&category=&groupCd=community","맨날하는소리지만잘생기면됩니다ㅇㅇ"
"262","일본이 도쿄올림픽 연기조차 말 꺼내기 힘든 이유는 책임소재 때문입니다.","1799","https://www.clien.net/service/board/park/14746506?od=T31&po=8&category=&groupCd=community","일단,제목은이렇게달았지만일단연기를포함한모든검토는한다고하긴했죠.하지만그래도책임회피성발언은숨기지않는군요.사실저도처음에는의아했습니다.아니어차피아예취소할거아니면코로나19잠잠해질때까지연기했다가그때치르는게다들좋다고할것이고,현재강행하려는시기인7월하순은일본계절상폭염에정말더위의끝이라할수있는시기인에굳이그시기를고집할필요가있나?싶었죠.근데몇가지돌아가는꼴보니이해가가더군요.하지만그렇다고해도이거책임을안지려는모습에는아베얼굴에무능이라는딱지붙여버려도시원치않습니다.먼저,올림픽선수촌문제입니다.올림픽이끝나면,이선수촌으로지어진아파트(일본은맨션이라고합니다)는모두일반분양되며,이미예약이끝난곳이상당수입니다.예정대로올림픽이치러지고끝나야분양이되는데,이게연기된다면?이미예약한부동산회사,입주예정자와재산권분쟁이일어날소지가높습니다.다음으로,중계권문제입니다.일본이1964년도쿄올림픽에는멀쩡히우리나라1988서울올림픽처럼그래도날씨괜찮은9월/10월에걸쳐서했는데,왜이번에는한여름폭염시즌에하는가?미국입니다.미국방송사가내는중계권료가IOC의주요수입이라해도과언이아닌데,이미하반기에그방송사들이방송할게잡혀있는상황이죠.그래서그잡히지않는시기를잡은게한여름무더위시기입니다.이거야말로스포츠정신과아주거리가먼,다분히상업성과돈만의식한IOC와주최국일본의짝짜쿵이맞아벌어진비리아닌비리죠.선수들건강아랑곳않고무리해서한여름에개최하려다가결국IOC가마라톤은삿포로에서따로한다는결정까지내릴정도로기형적인출발을한게현2020도쿄올림픽입니다.이렇게무리수를두면서개최를하려고하는데몇달미룬다?차라리2021년같은기간에한다고할겁니다.그정도로이해관계가충돌하는부분입니다.이두가지만봐도간단한문제는아닙니다.하지만이유여하를불문하고참가하는선수들,그걸보러오는관객들건강을무시하고코로나19전세계유행이아직끝나지않을게확실한올해7월에개최를강행한다면정말그돈때문에올림픽이라는행사의취지와정신을훼손하는거죠.결국,아베본인모가지걸고정치적판단과그에따른책임을져야하는상황입니다.근데과연그걸제대로질까의심스럽습니다.지금코로나19국내퍼지는것도책임지고대처를하지않고있는마당에퍽이나..."
"263","&lt;21대 총선 타깃 여론조사&gt;文국정운영 ‘잘한다’ 51.9% … ‘못한다’ 43.2%","1602","https://www.clien.net/service/board/park/14746505?od=T31&po=8&category=&groupCd=community","https://news.naver.com/main/read.nhn?mode=LSD&amp;mid=sec&amp;sid1=100&amp;oid=021&amp;aid=0002421795와우위기에강한대한민국!!!!"
"264","[속보] 용인서 영국유학 20대 확진…10대 아들 40대 부부 가족 3명도 확진","4786","https://www.clien.net/service/board/park/14746504?od=T31&po=8&category=&groupCd=community",""
"265","아메리카XX 성지순례 다녀왔습니다.","2226","https://www.clien.net/service/board/park/14746503?od=T31&po=8&category=&groupCd=community","https://blog.naver.com/americajk'유능한'강사들만있다는그곳."
"266","더불어시민당, 공공의료 추가 공모해 비례 명단 확정 예정","1173","https://www.clien.net/service/board/park/14746502?od=T31&po=8&category=&groupCd=community","https://www.sedaily.com/NewsView/1Z0B6556WH더불어민주당이참여하는비례대표연합정당더불어시민당이23일총선비례대표후보1차발표를연기했다.아울러시민사회공모중공공의료부문에대해선추가공모를진행하기로했다.출처:https://www.sedaily.com/NewsView/1Z0B6556WHㅡㅡㅡㅡㅡㅡㅡㅡㅡㅡㅡㅡㅡㅡㅡㅡㅡㅡㅡㅡㅡㅡㅡㅡㅡㅡㅡㅡㅡㅡㅡㅡㅡㅡㅡㅡㅡㅡㅡㅡㅡㅡㅡㅡㅡㅡㅡㅡㅡㅡㅡㅡㅡㅡ아무리생각해도지금누군가설득중에있는것같습니다.제발좋은사람...ㅠㅠ"
"267","애플 아이폰 2008~2018 연매출","1620","https://www.clien.net/service/board/park/14746501?od=T31&po=8&category=&groupCd=community","*아이폰X때가판매량이초대박은아니지만999$가격을많이팔아제껴역대최다판매량인6시리즈때의수익을넘어섬당연한말이지만대체로연도별판매량을연매출이따라가는형국입니다.2018(X,8시리즈)판매량이2015(아이폰6시리즈)보다적은데도매출이높은이유는X의높은가격으로ASP가많이올라서입니다."
"268","더러운 호드","655","https://www.clien.net/service/board/park/14746500?od=T31&po=8&category=&groupCd=community","더러운호드호드이즈낫띵-안두인"
"269","하프라이프 알릭스 EDGE 리뷰..jpg","1471","https://www.clien.net/service/board/park/14746499?od=T31&po=8&category=&groupCd=community","https://www.reddit.com/r/HalfLife/comments/fmms81/cover_of_edge_magazine_for_the_release_of/엣지에서9점이라니와우..-ㅅ-)VR사고싶읍니다."
"270","일본 게임 많이 하세요.jpg","4683","https://www.clien.net/service/board/park/14746498?od=T31&po=8&category=&groupCd=community","ㅋㅋㅋㅋㅋㅋㅋㅋ"
"271","롯데호텔 직원 코로나 확진","2877","https://www.clien.net/service/board/park/14746497?od=T31&po=9&category=&groupCd=community","호텔은계속영업중"
"272","스포츠 기더기네요","372","https://www.clien.net/service/board/park/14746495?od=T31&po=9&category=&groupCd=community","야구단걱정하면서문프를까네요그런데워낙개소리라네이버지만욕을먹고있어퍼옵니다야구단이소상공인이냐?기레기도이런기레기가없습니다진짜"
"273","안철수 효과 -&gt; 심상정 효과","1491","https://www.clien.net/service/board/park/14746494?od=T31&po=9&category=&groupCd=community","https://news.naver.com/main/ranking/read.nhn?mid=etc&amp;sid1=111&amp;rankingType=popular_day&amp;oid=015&amp;aid=0004311463&amp;date=20200323&amp;type=1&amp;rankingSeq=4&amp;rankingSectionId=100이건뭐심상정님효과아님니까????"
"274","해외에 가족(친척)이나 지인이 있으면 이럴 때 참 맘이 안좋네요.","588","https://www.clien.net/service/board/park/14746492?od=T31&po=9&category=&groupCd=community","미국에있는친척누나와친구들,스위스에있는어린시절친구들,이탈리아와독일에서자가격리중인친구들,아직까지는서로농담도하며카톡합니다만...마스크(KF)는아예보내줄수있는방법이없고답답하군요.방진/방독마스크와필터라도좀보내줄까했는데,(물론,부끄럽지만꼭끼고다닐수있다고다짐은받음)KF를비롯해서소량이라도일체반출금지라고하더군요.일단급한대로면마스크는가능하다니까좀더챙겨봐야겠네요.암튼,찾아보니직구해서잘쓰던손소독제등도모두품절에,해외사이트에서팔던마스크들도씨가마른것을보니...진짜난리도이런난리가없다싶군요.바이러스이름지어지기전에는...사실이정도로위험한놈인지몰랐는데ㄷㄷㄷㄷ"
"275","동숲 어제도 적었지만... 느끼는게","1422","https://www.clien.net/service/board/park/14746491?od=T31&po=9&category=&groupCd=community","스트리머들플레이영상보니...하우징자원채집이런것들.....그리고아기자기하고판타지라이프...생각나는게있는데...2004년에나왔던마비노기입니다.마비노기가언제부턴가캐쉬로인해수납/펫/무제한환생등의요소로소수를위한게임이되지않았다면....마비노기베타때축포알바잡으려고달리기하고벼이삭을캐려다손이미끌어져실패하고달걀알바하는데여우가갑자기때려쓰러지면서계란이다깨져서알바실패하고...다이어트를위해나무를스태미나포션먹어가며열매서리를했단그추억...마비노기가이미머나먼곳까지떠낫지만기존의소스만잘활용해도...동숲같은컨텐츠만들수있을것같은데요.사실큰산으로만안갔다면...인던의고무공이나여타가위바위보시스템도좋았는데..어쨋든좀아쉽네요...데브켓은기존엔진소스잘활용해서동숲같은게임하나만들어두될것같은데안드로이드/아이폰기반으로"
"276","NFC 태그 질문 드려요","100","https://www.clien.net/service/board/kin/14746490?od=T31&po=9&category=&groupCd=community","안녕하세요?NFC태크를이용해서게이트맨비번입력을안하고출입을해볼까고민을하게되었는데요.일단,제가사용하는게이트맨이A110-FH이라는모델입니다.이미지캡션이모델은건설사납품용으로나온거라스마트리빙기능은빠져있어서,구형블루투스키만설치가가능하더군요.게이트맨블루투스키A110-FH에블루투스키를설치하고제폰에블투로연결까지완료했지요.근데,제예상은현관문에가까이가면이게뿅하고팝업으로나올줄알았는데,구형이라그런지굳이앱을열고블투를연결하는과정을거쳐화면에서자물쇠모양을터치해야열리더라구요;;사실,이게그리간단한방법이아니다보니,NFC태그를이용해보자생각을해봤습니다.트리거앱을이용해자동화만들어놨는데,또웃긴게,,,화면이대기모드일경우엔NFC태그를읽어도자동화실행이안되데요;;그렇다면,폰을열어서태그를하고자동화를하는게의미가있는건지현타가오네요.트리거+NFC조합은화면을깨운상태에서만작동하게되는건가요?혹시,제가모르는좋은방법이있을지궁금합니다"
"277","하프라이프 최신작에서 헤드크랩 상대하는 법.gif","1800","https://www.clien.net/service/board/park/14746489?od=T31&po=9&category=&groupCd=community","V-R"
"278","탈모인들은 요즘시대 살고있는게 정말 다행 아닌가요?","1544","https://www.clien.net/service/board/park/14746488?od=T31&po=9&category=&groupCd=community","현재머리상태인데겉만보면지극히평범해요탈모인걸말해야아앞머리가좀엷긴하네소리들을정도구요저게진짜머리숱이많이줄어든거에요20대초반빼는미용실갈때마다머리숱너무많다소리들었고저도느껴졌는데29살인지금은많이빠져서평범해진수준이네요아버지랑친형외삼촌이탈모여서나도언젠간오겠지생각하던찰나2년전앞머리를얼려보니사이드부분이조금파이기시작해서피부과여러곳방문해서상의끝에2년전부터먹고있네요몇년전부터머리머리탈모빔이런식으로탈모얘기가많이나오기도하고정보들이많아서저처럼일찍초기에먹는분들이많을텐데제가아마15년정도만더빨리태어났으면정보도많이없고심각한상태를몰라지금쯤머리가심하게날라갔을거라생각되네요"
"279","주모 과로사 하시겠군요 ㄷㄷㄷ","3633","https://www.clien.net/service/board/park/14746487?od=T31&po=9&category=&groupCd=community","이거12월달부터지금까지주모는칸도가시고어디도가시고이거이래서정상적인주모활동하실수있겠습니까...그러니까주모빨리좀나와요...세계일주좀하셔야되겠네..."
"280","호주 올림픽위원회 보이콧","1342","https://www.clien.net/service/board/park/14746486?od=T31&po=9&category=&groupCd=community","[서울=뉴시스]양소리기자=뉴질랜드,캐나다에이어호주올림픽위원회도올해도쿄올림픽에참가하지않겠다며23일보이콧을선언했다.호주올림픽위원회는이날홈페이지에성명을발표하고우리는올림픽의연기를준비하고있다고밝혔다.호주올림픽위원회는우리는오늘오전원격회의를통해진행위원회회의를열고국내외의변화하는상황을고려했을때호주의(올림픽)국가대표팀을구성할수없다는데만장일치로합의했다고발표했다.맷캐럴호주올림픽위원회위원장은선수들은자기스스로,가족,나아가세계사회를위해옳은일을하고있다는확신을필요로했다며우리는해외에서활동중인선수들을(올림픽대표단으로)구성했고,이들은호주의주요도시에서대표팀으로서자신의프로그램을관리하도록계획했다고했다.그는이어그러나(코로나19로인한)여행의제한으로이는불가능한상황이됐다고설명했다.캐럴위원장은국제올림픽위원회(IOC)는'선수우선주의'를핵심원칙으로삼고있으며선수와스포츠의이익을위해움직인다.우리의결정은(IOC의)그러한원칙을반영한것이다면서IOC를압박했다.이언체스터먼호주올림픽대표단단장은지난주25개가넘는종목의선수들과소통을한뒤답변을받았다면서올해올림픽이7월에개최될수없다는것은분명하다.우리선수들은훈련과준비를위해긍정적인자세로임했으나(코로나19확산으로인한)스트레스와불확실성은이들에게매우힘든일이었다고설명했다.그는이들은또한전세계동료들의걱정을떠안고있었다.이것이선수들이내게보낸일관된메시지다고했다.체스터먼단장은올림픽의연기는다양한새로운문제를야기할수도있다면서도하지만도쿄올림픽에세계각국이모두모일수있을때그들은진정한스포츠와인류를위한행사를열수있을것이다고강조했다.한편토마스바흐국제올림픽위원회(IOC)위원장은도쿄올림픽연기여부를앞으로4주안에결정하겠다고밝혔다."
"281","워크래프트 최고 근본은 트롤과 타우렌입니다","1294","https://www.clien.net/service/board/park/14746485?od=T31&po=9&category=&groupCd=community","아제로스토착종족중가장먼저문명화된게트롤과타우렌입니다.나엘은영원의샘의영향으로진화한트롤이고여기서갈라져나온하엘블엘공엘나이트본등도모두트롤이기원입니다.인간드워프노움같은애들은티탄이만들고간금속생명체가저주받아유기체화된것들이라근본으로치면한참부족하죠그러니트롤과타우렌이있는호드야말로근본중의근본입니다."
"282","맥당특가로는 맥관련 제품만 올릴수있나요?","109","https://www.clien.net/service/board/kin/14746484?od=T31&po=9&category=&groupCd=community","사정이생겨서픽셀북을정리하려고하는데글/댓글조건을못채워서사고팔고게시판에글을쓸수가없네요..ㅠ작년에는맥북정리할꺼라고맥당특가로올려서후다닥거래했었는데,이번엔맥북이아니라서..그래도올려도될까하는생각이드네요.당x마켓에올리기전에클리앙에서먼저알아보고싶은데..이럴땐어떻게하는게좋을까요?"
"283","일본 올림픽 40년주기설","1475","https://www.clien.net/service/board/park/14746483?od=T31&po=9&category=&groupCd=community","1900년대파리올림픽당연히미참이고엑스포부대행사정도의실패한올림픽1940년올림원래일본에서열릴올림픽이었는나중일전쟁으로취소5년후일본제국추축국패망1980년올림픽일본대만우리나라등불참10년후구소련멸망2020년도쿄올림픽??15년후??지금이런식이면세계가멸망할기세일본글들보다보니흥미로운40년주기설이있네요왠지저런미신적인요소도작용해서아베가더매달리는게아닐까싶어요"
"284","괜히 보통의 텔레그렘 사용자들에게 불똥이 튈까봐 걱정이네요.","956","https://www.clien.net/service/board/park/14746482?od=T31&po=9&category=&groupCd=community","카톡보안이슈때넘어온사람도꽤있을테고여러가지알람봇으로사용하는사람도있을테지만it관심없는사람들은텔레그렘=범죄어플이렇게낙인찍어놓고볼거같은데..저도새로가입한여자들두셋정도보이더라구요.아마누가텔레그렘가입해있나확인한거겠죠.저는주변에현재연락하거나관계맺고있는여성이별로없어서큰걱정은없는데직장다니거나대학다니는분들은..억지로탈퇴하는경우도생기겠네요.이제와서탈퇴하는게더웃긴거같아서저는안하고있어요"
"285","공적마스크 구매 줄서기","1972","https://www.clien.net/service/board/park/14746480?od=T31&po=9&category=&groupCd=community","현재공적마스크구매를위해약국앞에줄서서대기중입니다여긴번호표없이13시10분부터순차적으로판매하는데벌써부터줄이장난이아니내요"
"286","리만 사태 보다 더 안좋게 보는 전망이 많은데","1521","https://www.clien.net/service/board/park/14746479?od=T31&po=9&category=&groupCd=community","지난주에살짝떨어지는환율보면서희망을좀가졌는데오늘도또오르는환율보고..결국.외국결제1~2주연기한다고메일다보냈네요.어젯밤에경제전망기사보면서침체는이제시작이고미국+유럽쌍으로가서리만사태보다충격이더갈거라는전망이좀많은데어찌될지답답하네요.."
"287","꽁돈이 생겨서 홈팟 스테리오 구성하려고 베바 들어갔는데...","590","https://www.clien.net/service/board/park/14746478?od=T31&po=9&category=&groupCd=community","199달러에서다시299달러로올랐네요아니할인이끝났다고하는게올바르겠죠다시할인할때까지기다려야겠습니다ㅜㅜ"
"288","전두환 차명재산 수백억 재력 관리자 지난달 야산에서 변사","4666","https://www.clien.net/service/board/park/14746477?od=T31&po=9&category=&groupCd=community","드디어29만원의비밀이풀리나요?하지만,일하지않는검찰에잇!!!"
"289","솔직히 코로나 대응은 인정 안하기 뭐한가 보네요","1129","https://www.clien.net/service/board/park/14746476?od=T31&po=9&category=&groupCd=community","https://news.naver.com/main/ranking/read.nhn?mid=etc&amp;sid1=111&amp;rankingType=popular_day&amp;oid=009&amp;aid=0004541773&amp;date=20200323&amp;type=1&amp;rankingSeq=5&amp;rankingSectionId=100문재인대통령이다잘하시고있지만코로나대응은보수고뭐고인정안할수가없죠.최악의메르스대응에서전세계가인정하는최고의시스템을보여주었는데,이런것을인정하지않는다면,비합리적이라는것을인정하는꼴밖에는안되는것같습니다.!!"
"290","V50 미션이 안오네요","695","https://www.clien.net/service/board/park/14746475?od=T31&po=9&category=&groupCd=community","Skt체험단이다음달인가다다음달이아마반납으로기억하는데....몇달째미션이없더니아예미션문자도안오네요20일전엔항상미션문자가왔었는데반납이가까워져오니슬슬아쉽네요꽤나잘써왔는데ㅠㅠ"
"291","전세기 타고 온 이란인 아내.news","4144","https://www.clien.net/service/board/park/14746473?od=T31&po=9&category=&groupCd=community","1분40초부터한국말잘하네요ㄷㄷㄷ"
"292","제가 가입한 보험들 ......","701","https://www.clien.net/service/board/park/14746472?od=T31&po=9&category=&groupCd=community","100세보장기간이나보험가입한지오래되서보험금내야할기간은10년채안남은(?가물가물)실비보험암보험그리고제가죽고나면제가남긴대출금청신하고남은분들나눠가지라고가입한종신보험ㄷㄷㄷ한달보험비가상당하네요ㄷㄷㄷㄷㄷㄷ"
"293","구로시장 칠공주 떡볶이 생각나네요","1371","https://www.clien.net/service/board/park/14746471?od=T31&po=9&category=&groupCd=community","몇년전갔었는데어릴적먹던떡볶이맛이더라구요원래는할머니일곱분이계서서칠공주였는데몇분은돌아가셨는지ㅠㅡ일곱분은아니었어요저기시스템재미났던것은오뎅은서로공유하시더라구여ㅎ"
"294","홍준표 '왜 나까지 싸잡아 비난..오늘부터 조선일보 절독'","1391","https://www.clien.net/service/board/park/14746470?od=T31&po=9&category=&groupCd=community","https://news.v.daum.net/v/20200323073505693으앜ㅋㅋㅋㅋㅋㅋㅋㅋㅋㅋㅋㅋㅋㅋㅋㅋㅋㅋㅋㅋㅋㅋㅋㅋㅋㅋEEJ개꿀잼ㅋㅋ"
"295","'메르켈 총리도 자가격리…코로나19 양성판정'","3276","https://www.clien.net/service/board/park/14746469?od=T31&po=9&category=&groupCd=community","앙겔라메르켈독일총리가최근접촉한의사가코로나19양성판정을받은사실을통보받고,자택에서자가격리에들어갔습니다.AP,AFP통신등은현지시간으로22일메르켈총리가베를린에서코로나19확산방지추가조치발표기자회견직후이같은사실을알고바로자가격리를결정했다고전했습니다."
"296","배춧잎먹는 아기토끼들.avi","1047","https://www.clien.net/service/board/park/14746466?od=T31&po=9&category=&groupCd=community",""
"297","이번 코로나 사태로 느낀점","606","https://www.clien.net/service/board/park/14746464?od=T31&po=9&category=&groupCd=community","1.생각보다차이나머니는강력했다정말로중국싫어하는입장에서(미세먼지볼때마다화가남,소국이대국한테대항해서되겠냐라는말은아직도생각남)이번에전세계적으로중국혐오론으로중국이고립될줄알았는데예상보다여론이형성되지않았다2.생각보다중국의존도가높았다현차가부품에차질이생기고....그외중국에의존한제품들이많았다저렴하니까당연하지라는의견은이해되나그것들을극복하고국산화를시켜야한다고생각하고,의존도가높을수록중국에휘둘리니반드시국산화를추진해야된다라고생각합니다.3.우리나라의료체계는세계적이다초반에질본상담원보고'에휴'소리가나왔는데시간지나고대응하는거보니아쉬운게몇몇있지만다른나라에비해정말잘하고있는거보고뿌듯했습니다4.여론은...기레기라고불리는이유를다시한번깨달았다"
"298","코로나로 인한 사업장 근로자 무급휴가가 가능한가요? 혹은 70%유급인건지 궁금합니다","137","https://www.clien.net/service/board/kin/14746463?od=T31&po=9&category=&groupCd=community","자세히알아본내용은아니구요.지금처럼매출이장기화되면어쩔수없는부분이있어서..(직장내확진자가있다거나,확진이많이우려되는직장환경은아닙니다.일반사무)대충찾아보면근로자가동의서를쓰면100%무급이가능하다/아니다동의하여도70%의유급이다.도조금다른내용들이보여서요.이부분에서정확한근거의출처나답변주실분있으실까요?5인이상일반법인중소기업사업장입니다."
"299","시민당에 민주당후보가 11번 부터군요","1991","https://www.clien.net/service/board/park/14746462?od=T31&po=9&category=&groupCd=community","뉴스공장에서해찬옹님의답변으로11번부터라고하네요이게민주당지지자의투표집중이될지오히려포기하고다른당을찍게될지걱정이되네요.어떤쪽이더좋은지도어렵고여러모로쉬운총선이아닌것같습니다.역대급으로코로나때문에대중에게멀어진총선이고역대급으로정치에관심이많은사람들에겐흥미로운총선인것같습니다"
"300","닉네임이라니?!","245","https://www.clien.net/service/board/park/14746461?od=T31&po=9&category=&groupCd=community","전바로이전닉네임이소화기였다구여!~(-ㅅ-)~...암만봐도아레이나가나은듯.+)자작소설주인공이름을소화기재료이름으로할려고했던건안비밀.."
